player_id,player_name
434378,"Verlander, Justin"
445276,"Jansen, Kenley"
445926,"Chavez, Jesse"
448179,"Hill, Rich"
450203,"Morton, Charlie"
453286,"Scherzer, Max"
455117,"Maldonado, Martín"
455119,"Martin, Chris"
456781,"Solano, Donovan"
457705,"Mccutchen, Andrew"
457759,"Turner, Justin"
458677,"Wilson, Justin"
467793,"Santana, Carlos"
471911,"Carrasco, Carlos"
472610,"García, Luis"
476594,"Stock, Robert"
477132,"Kershaw, Clayton"
489119,"Miley, Wade"
489446,"Yates, Kirby"
493329,"Gurriel, Yuli"
493603,"Ottavino, Adam"
500743,"Rojas, Miguel"
500779,"Quintana, Jose"
502043,"Gibson, Kyle"
502054,"Pham, Tommy"
502085,"Robertson, David"
502671,"Goldschmidt, Paul"
506433,"Darvish, Yu"
506702,"León, Sandy"
514888,"Altuve, José"
516782,"Marte, Starling"
518397,"Alexander, Scott"
518489,"Brasier, Ryan"
518585,"Cruz, Fernando"
518595,"D'Arnaud, Travis"
518692,"Freeman, Freddie"
518792,"Heyward, Jason"
518876,"Kelly, Merrill"
518886,"Kimbrel, Craig"
518934,"Lemahieu, Dj"
519008,"McFarland, T.J."
519141,"Pomeranz, Drew"
519151,"Pressly, Ryan"
519242,"Sale, Chris"
519317,"Stanton, Giancarlo"
519326,"Strickland, Hunter"
521230,"Hendriks, Liam"
521692,"Pérez, Salvador"
527038,"Flores, Wilmer"
527048,"Pérez, Martín"
534910,"Hahn, Jesse"
541640,"Ramírez, Erasmo"
542303,"Ozuna, Marcell"
542881,"Anderson, Tyler"
542888,"Armstrong, Shawn"
542932,"Berti, Jon"
542963,"Brantly, Rob"
543056,"Coulombe, Danny"
543101,"DeSclafani, Anthony"
543135,"Eovaldi, Nathan"
543243,"Gray, Sonny"
543294,"Hendricks, Kyle"
543309,"Higashioka, Kyle"
543391,"Kelly, Casey"
543510,"Mccann, James"
543518,"McGough, Scott"
543592,"Nola, Austin"
543760,"Semien, Marcus"
543807,"Springer, George"
543859,"Tonkin, Michael"
543877,"Vázquez, Christian"
544150,"Suárez, Albert"
545121,"Vargas, Ildemaro"
545341,"Grichuk, Randal"
545361,"Trout, Mike"
547001,"Poteet, Cody"
547179,"Lorenzen, Michael"
547180,"Harper, Bryce"
547184,"Kelly, Michael"
547973,"Chapman, Aroldis"
548384,"Raley, Brooks"
552640,"Kittredge, Andrew"
553869,"Díaz, Elías"
553882,"Narváez, Omar"
553993,"Suárez, Eugenio"
554340,"García, Yimi"
554430,"Wheeler, Zack"
554431,"Matzek, Tyler"
570482,"Urshela, Gio"
570632,"Ureña, José"
571448,"Arenado, Nolan"
571466,"Barnhart, Tucker"
571510,"Boyd, Matthew"
571578,"Corbin, Patrick"
571657,"Farmer, Kyle"
571760,"Heaney, Andrew"
571771,"Hernández, Enrique"
571912,"Maile, Luke"
571927,"Matz, Steven"
571945,"Mikolas, Miles"
571946,"Miller, Shelby"
571948,"Milner, Hoby"
571970,"Muncy, Max"
572138,"Singleton, Jon"
572191,"Taylor, Michael"
572233,"Walker, Christian"
572955,"Johnson, Pierce"
573009,"Mantiply, Joe"
573124,"Rogers, Taylor"
573186,"Stroman, Marcus"
573204,"Thielbar, Caleb"
573262,"Yastrzemski, Mike"
575929,"Contreras, Willson"
578428,"Iglesias, Jose"
579328,"Kikuchi, Yusei"
592094,"Adam, Jason"
592155,"Booser, Cam"
592178,"Bryant, Kris"
592192,"Canha, Mark"
592206,"Castellanos, Nick"
592254,"De León, José"
592332,"Gausman, Kevin"
592351,"Gray, Jon"
592426,"Jackson, Luke"
592450,"Judge, Aaron"
592454,"Kahnle, Tommy"
592518,"Machado, Manny"
592626,"Pederson, Joc"
592662,"Ray, Robbie"
592663,"Realmuto, J. T."
592669,"Renfroe, Hunter"
592696,"Rosario, Eddie"
592773,"Stanek, Ryne"
592779,"Stewart, Brock"
592791,"Taillon, Jameson"
592836,"Walker, Taijuan"
592866,"Williams, Trevor"
592885,"Yelich, Christian"
593423,"Montas, Frankie"
593428,"Bogaerts, Xander"
593576,"Neris, Héctor"
593833,"Suero, Wander"
593871,"Polanco, Jorge"
593958,"Rodriguez, Eduardo"
593974,"Peralta, Wandy"
594580,"Moll, Sam"
594798,"deGrom, Jacob"
594902,"Lively, Ben"
595014,"Treinen, Blake"
595345,"Okert, Steven"
595751,"Alfaro, Jorge"
595777,"Profar, Jurickson"
595879,"Báez, Javier"
595897,"Burdi, Nick"
595928,"Curtiss, John"
595978,"Hedges, Austin"
596001,"Junis, Jakob"
596019,"Lindor, Francisco"
596103,"Slater, Austin"
596112,"Stephenson, Robert"
596115,"Story, Trevor"
596117,"Stubbs, Garrett"
596133,"Weaver, Luke"
596142,"Sánchez, Gary"
596146,"Kepler, Max"
596271,"Lawrence, Casey"
596295,"Gomber, Austin"
600869,"Candelario, Jeimer"
600917,"Leclerc, José"
601713,"Pivetta, Nick"
602104,"Urías, Ramón"
605113,"Ahmed, Nick"
605130,"Barlow, Scott"
605131,"Barnes, Austin"
605135,"Bassitt, Chris"
605137,"Bell, Josh"
605141,"Betts, Mookie"
605154,"Brebbia, John"
605170,"Caratini, Víctor"
605177,"Chafin, Andrew"
605182,"Clevinger, Mike"
605204,"Davis, J. D."
605218,"Edwards Jr., Carl"
605242,"Fulmer, Michael"
605244,"Garcia, Aramis"
605280,"Holmes, Clay"
605288,"Houser, Adrian"
605347,"López, Jorge"
605353,"Machín, Vimael"
605361,"Martini, Nick"
605400,"Nola, Aaron"
605447,"Romano, Jordan"
605452,"Ross, Joe"
605463,"Scott, Tayler"
605483,"Snell, Blake"
605488,"Springs, Jeffrey"
605507,"Thompson, Zach"
605513,"Turnbull, Spencer"
605540,"Woodruff, Brandon"
606115,"Arcia, Orlando"
606160,"Montero, Rafael"
606192,"Hernández, Teoscar"
606303,"Payamps, Joel"
606466,"Marte, Ketel"
606930,"Barnes, Jacob"
606965,"Devenski, Chris"
606992,"Haase, Eric"
606996,"Hart, Kyle"
607043,"Nimmo, Brandon"
607067,"Rea, Colin"
607074,"Rodón, Carlos"
607179,"Weems, Jordan"
607192,"Glasnow, Tyler"
607200,"Fedde, Erick"
607208,"Turner, Trea"
607259,"Martinez, Nick"
607455,"Banda, Anthony"
607481,"Bummer, Aaron"
607536,"Freeland, Kyle"
607625,"Lugo, Seth"
607680,"Pillar, Kevin"
607732,"Stallings, Jacob"
608032,"Estévez, Carlos"
608070,"Ramírez, José"
608324,"Bregman, Alex"
608331,"Fried, Max"
608334,"Fulmer, Carson"
608337,"Giolito, Lucas"
608348,"Kelly, Carson"
608369,"Seager, Corey"
608371,"Sims, Lucas"
608372,"Sugano, Tomoyuki"
608379,"Wacha, Michael"
608385,"Winker, Jesse"
608566,"Márquez, Germán"
608650,"Enns, Dietrich"
608665,"Graveman, Kendall"
608671,"Jankowski, Travis"
608701,"Refsnyder, Rob"
608717,"Stratton, Chris"
608718,"Suter, Brent"
609280,"Andújar, Miguel"
612434,"Castro, Miguel"
614179,"Ruiz, José"
615698,"Quantrill, Cal"
620443,"Torrens, Luis"
620454,"Castillo, José"
621020,"Swanson, Dansby"
621028,"Newman, Kevin"
621035,"Taylor, Chris"
621043,"Correa, Carlos"
621051,"Wilson, Steven"
621053,"Ferguson, Tyler"
621057,"Garza, Justin"
621107,"Eflin, Zach"
621111,"Buehler, Walker"
621112,"Blackburn, Paul"
621114,"Burr, Ryan"
621121,"McCullers Jr., Lance"
621139,"Kriske, Brooks"
621199,"Bowman, Matt"
621237,"Alvarado, José"
621242,"Díaz, Edwin"
621244,"Berríos, José"
621345,"Minter, A.J."
621363,"Poche, Colin"
621366,"Borucki, Ryan"
621381,"Strahm, Matt"
621383,"Banks, Tanner"
621438,"Taylor, Tyrone"
621439,"Buxton, Byron"
621493,"Ward, Taylor"
621512,"Nido, Tomás"
621566,"Olson, Matt"
622253,"Tate, Dillon"
622268,"Walton, Donovan"
622379,"Castillo, Luis F."
622491,"Castillo, Luis"
622503,"Crismatt, Nabil"
622534,"Margot, Manuel"
622554,"Domínguez, Seranthony"
622569,"Reyes, Pablo"
622608,"Senzatela, Antonio"
622663,"Severino, Luis"
622761,"Mateo, Jorge"
622780,"Perdomo, Angel"
622786,"Tinoco, Jesus"
623149,"Sewald, Paul"
623167,"Flexen, Chris"
623168,"Heineman, Tyler"
623211,"Brazobán, Huascar"
623352,"Hader, Josh"
623433,"Anderson, Nick"
623437,"Topa, Justin"
623465,"Phillips, Evan"
623474,"Herget, Jimmy"
623993,"Santander, Anthony"
624133,"Suarez, Ranger"
624413,"Alonso, Pete"
624415,"Biggio, Cavan"
624424,"Conforto, Michael"
624428,"Frazier, Adam"
624431,"Trevino, Jose"
624512,"McGuire, Reese"
624513,"Nuñez, Dom"
624585,"Soler, Jorge"
624641,"Sosa, Edmundo"
628317,"Maeda, Kenta"
628451,"Ibáñez, Andy"
628452,"Iglesias, Raisel"
630105,"Cronenworth, Jake"
640448,"Finnegan, Kyle"
640451,"Harvey, Hunter"
640454,"Krook, Matt"
640455,"Manaea, Sean"
640459,"Navarreto, Brian"
640462,"Puk, A.J."
640492,"Azócar, José"
640902,"Pereda, Jhonny"
641154,"López, Pablo"
641302,"Alexander, Tyler"
641312,"Anderson, Shaun"
641313,"Anderson, Tim"
641329,"Baker, Bryan"
641343,"Bauers, Jake"
641355,"Bellinger, Cody"
641386,"Bowden, Ben"
641401,"Brogdon, Connor"
641482,"Cortes, Nestor"
641487,"Crawford, J. P."
641540,"Dunning, Dane"
641555,"Escarra, J. C."
641584,"Fraley, Jake"
641585,"France, J.P."
641598,"Garver, Mitch"
641645,"Guillorme, Luis"
641656,"Hamilton, Ian"
641658,"Hampson, Garrett"
641672,"Hatch, Thomas"
641680,"Heim, Jonah"
641745,"Keller, Brad"
641755,"Kinley, Tyler"
641778,"Lauer, Eric"
641793,"Littell, Zack"
641816,"Mahle, Tyler"
641835,"Mayza, Tim"
641856,"Mckinney, Billy"
641857,"Mcmahon, Ryan"
641927,"Ober, Bailey"
641933,"O'Neill, Tyler"
641941,"Pagán, Emilio"
641943,"Palacios, Joshua"
642016,"Robert, Daniel"
642020,"Robinson, Chuckie"
642048,"Saucedo, Tayler"
642086,"Smith, Dominic"
642100,"Speier, Gabe"
642121,"Sulser, Cole"
642133,"Tellez, Rowdy"
642136,"Thaiss, Matt"
642152,"Trivino, Lou"
642180,"Wade, Tyler"
642201,"White, Eli"
642207,"Williams, Devin"
642215,"Wilson, Weston"
642216,"Winans, Allan"
642232,"Yarbrough, Ryan"
642239,"Zastryzny, Rob"
642350,"Siri, José"
642397,"Soto, Gregory"
642520,"Garabito, Gerson"
642528,"Loáisiga, Jonathan"
642547,"Peralta, Freddy"
642585,"Bautista, Félix"
642701,"Santana, Dennis"
642708,"Rosario, Amed"
642715,"Adames, Willy"
642727,"Alcántara, Sergio"
642731,"Estrada, Thairo"
642759,"Fernández, Julian"
642851,"Wynns, Austin"
643217,"Benintendi, Andrew"
643289,"Dubón, Mauricio"
643338,"Green, Chad"
643361,"Herget, Kevin"
643376,"Jansen, Danny"
643377,"Jax, Griffin"
643396,"Kiner-Falefa, Isiah"
643410,"Leiter Jr., Mark"
643446,"Mcneil, Jeff"
643511,"Rogers, Tyler"
643565,"Tauchman, Mike"
644433,"Tromp, Chadwick"
645261,"Alcantara, Sandy"
645277,"Albies, Ozzie"
645302,"Robles, Víctor"
645305,"Sánchez, Ali"
645444,"Herrera, Jose"
646240,"Devers, Rafael"
646242,"Díaz, Jhonathan"
647304,"Naylor, Josh"
647315,"Pop, Zach"
647336,"Soroka, Michael"
647351,"Toro, Abraham"
649966,"Urías, Luis"
650333,"Arráez, Luis"
650402,"Torres, Gleyber"
650489,"Castro, Willi"
650490,"Díaz, Yandy"
650556,"Abreu, Bryan"
650559,"De La Cruz, Bryan"
650633,"King, Michael"
650644,"Civale, Aaron"
650671,"Quijada, José"
650859,"Rengifo, Luis"
650893,"Cabrera, Génesis"
650911,"Sánchez, Cristopher"
650968,"Pozo, Yohel"
655316,"Monasterio, Andruw"
655889,"Rodríguez, Manuel"
656180,"Adams, Riley"
656185,"Allen, Greg"
656186,"Altavilla, Dan"
656222,"Beeks, Jalen"
656234,"Bird, Jake"
656240,"Blewett, Scott"
656248,"Bouchard, Sean"
656257,"Brigham, Jeff"
656271,"Burke, Brock"
656288,"Canning, Griffin"
656302,"Cease, Dylan"
656305,"Chapman, Matt"
656413,"Fairchild, Stuart"
656420,"Feyereisen, J.P."
656427,"Flaherty, Jack"
656457,"Gilbert, Tyler"
656458,"Gilbreath, Lucas"
656464,"Ginkel, Kevin"
656484,"Gray, Tristan"
656537,"Hill, Derek"
656541,"Hilliard, Sam"
656546,"Hoffman, Jeff"
656550,"Holmes, Grant"
656555,"Hoskins, Rhys"
656557,"Houck, Tanner"
656577,"Jackson, Alex"
656582,"Joe, Connor"
656605,"Keller, Mitch"
656629,"Kopech, Michael"
656638,"Lange, Alex"
656641,"Latz, Jacob"
656686,"Martin, Corbin"
656716,"McKinstry, Zach"
656730,"Megill, Trevor"
656731,"Megill, Tylor"
656775,"Mullins, Cedric"
656794,"Newcomb, Sean"
656811,"O'Hearn, Ryan"
656848,"Petersen, Michael"
656849,"Peterson, David"
656876,"Rasmussen, Drew"
656896,"Rivera, Emmanuel"
656941,"Schwarber, Kyle"
656945,"Scott, Tanner"
656976,"Smith, Pavin"
656986,"Sousa, Bennett"
657006,"Steele, Justin"
657024,"Swanson, Erik"
657041,"Thomas, Lane"
657044,"Thompson, Ryan"
657053,"Toussaint, Touki"
657077,"Verdugo, Alex"
657097,"Webb, Jacob"
657136,"Wong, Connor"
657240,"Merryweather, Julian"
657277,"Webb, Logan"
657376,"Schmidt, Clarke"
657424,"Gage, Matt"
657514,"Bernardino, Brennan"
657557,"Dejong, Paul"
657571,"Ferguson, Caleb"
657585,"Garrett, Reed"
657612,"Hill, Tim"
657649,"Koenig, Jared"
657656,"Laureano, Ramón"
657746,"Ryan, Joe"
657756,"Seabold, Connor"
657757,"Sheets, Gavin"
660162,"Moncada, Yoán"
660271,"Ohtani, Shohei"
660604,"Rangel, Alan"
660644,"Bruján, Vidal"
660670,"Acuña, Ronald"
660688,"Ruiz, Keibert"
660730,"Rodríguez, Elvin"
660757,"González, Oscar"
660761,"Suarez, José"
660787,"De los Santos, Yerry"
660821,"Sánchez, Jesús"
660825,"Bazardo, Eduard"
660844,"Rivas, Leo"
660853,"De Los Santos, Enyel"
660896,"Alcala, Jorge"
661388,"Contreras, William"
661395,"Duran, Jhoan"
661403,"Clase, Emmanuel"
661527,"Martinez, Seth"
661563,"Gil, Luis"
662139,"Varsho, Daulton"
662253,"Muñoz, Andrés"
663158,"Suarez, Robert"
663321,"Hernandez, Nick"
663330,"Jones, Jahmai"
663362,"Waldron, Matt"
663368,"Perkins, Blake"
663372,"Feltner, Ryan"
663399,"Waddell, Brandon"
663423,"Thornton, Trent"
663432,"Rainey, Tanner"
663436,"Martin, Davis"
663455,"Pilkington, Konnor"
663457,"Nootbaar, Lars"
663460,"Bubic, Kris"
663462,"Campbell, Isaiah"
663465,"Allard, Kolby"
663474,"McKenzie, Triston"
663485,"Sands, Cole"
663536,"English, Tristin"
663538,"Hoerner, Nico"
663542,"Hudson, Bryan"
663546,"Hjelle, Sean"
663554,"Mize, Casey"
663558,"Morán, Jovani"
663559,"Falter, Bailey"
663562,"Davis, Noah"
663568,"Kolek, Stephen"
663574,"Santillan, Tony"
663584,"Senger, Hayden"
663586,"Riley, Austin"
663604,"Lockridge, Brandon"
663609,"Baker, Luken"
663616,"Larnach, Trevor"
663623,"Irvin, Jake"
663624,"Mountcastle, Ryan"
663647,"Hayes, Ke'Bryan"
663656,"Tucker, Kyle"
663662,"Cameron, Daz"
663671,"Enright, Nic"
663687,"Harris, Hogan"
663697,"India, Jonathan"
663698,"Bart, Joey"
663728,"Raleigh, Cal"
663731,"Kaiser, Connor"
663738,"Lynch IV, Daniel"
663743,"Fortes, Nick"
663757,"Grisham, Trent"
663765,"Woodford, Jake"
663767,"Shugart, Chase"
663773,"Hoeing, Bryan"
663795,"Hagenman, Justin"
663796,"Montes, Coco"
663804,"Kowar, Jackson"
663837,"Vierling, Matt"
663853,"Gonzalez, Romy"
663855,"Hicks, Jordan"
663878,"Pearson, Nate"
663886,"Stephenson, Tyler"
663893,"Little, Brendon"
663897,"Williams, Luke"
663898,"Rodgers, Brendan"
663903,"Singer, Brady"
663941,"Beck, Tristan"
663947,"Holton, Tyler"
663967,"Salazar, César"
663968,"Mangum, Jake"
663969,"Phillips, Tyler"
663978,"Paddack, Chris"
663992,"Lovelady, Richard"
663993,"Lowe, Nathaniel"
664023,"Happ, Ian"
664034,"France, Ty"
664040,"Lowe, Brandon"
664056,"Bader, Harrison"
664059,"Haggerty, Sam"
664062,"Gonsolin, Tony"
664068,"Kingery, Scott"
664076,"Cleavinger, Garrett"
664123,"Effross, Scott"
664126,"Fairbanks, Pete"
664129,"Hartlieb, Geoff"
664139,"Gibaut, Ian"
664141,"Brubaker, JT"
664192,"Lucchesi, Joey"
664199,"Clarke, Taylor"
664208,"Maton, Phil"
664238,"Moore, Dylan"
664285,"Valdez, Framber"
664294,"Moreta, Dauri"
664299,"Javier, Cristian"
664351,"Contreras, Luis"
664353,"Urquidy, José"
664702,"Straw, Myles"
664728,"Isbel, Kyle"
664744,"Espada, Jose"
664747,"Díaz, Alexis"
664761,"Bohm, Alec"
664770,"Lukes, Nathan"
664774,"Wade, Lamonte"
664849,"Young, Danny"
664854,"Helsley, Ryan"
664875,"Lawrence, Justin"
664913,"Brown, Seth"
664948,"Misiewicz, Anthony"
664954,"Sullivan, Brett"
664983,"Mccarthy, Jake"
664991,"Wolfram, Grant"
665019,"Clemens, Kody"
665052,"Conine, Griffin"
665152,"Kremer, Dean"
665155,"Maton, Nick"
665161,"Peña, Jeremy"
665487,"Tatís, Fernando"
665489,"Guerrero, Vladimir"
665561,"Marchán, Rafael"
665625,"Peguero, Elvis"
665660,"Alvarado, Elvis"
665665,"Sanmartin, Reiver"
665742,"Soto, Juan"
665750,"Taveras, Leody"
665795,"Cabrera, Edward"
665804,"Amaya, Miguel"
665828,"Cabrera, Oswaldo"
665833,"Cruz, Oneil"
665839,"Valdez, Enmanuel"
665861,"Rivero, Sebastián"
665862,"Chisholm, Jazz"
665871,"Assad, Javier"
665877,"Fermín, José"
665923,"Ruiz, Esteury"
665926,"Giménez, Andrés"
665953,"Chaparro, Andrés"
665966,"Narváez, Carlos"
666018,"Aranda, Jonathan"
666023,"Fermin, Freddy"
666120,"Anderson, Ian"
666126,"Cortes, Carlos"
666134,"Jones, Nolan"
666139,"Lowe, Josh"
666142,"Ragans, Cole"
666149,"Fitzgerald, Tyler"
666150,"Fletcher, Dominic"
666152,"Hamilton, David"
666157,"Lodolo, Nick"
666158,"Lux, Gavin"
666160,"Moniak, Mickey"
666163,"Rortvedt, Ben"
666165,"Sabol, Blake"
666168,"Thompson, Mason"
666171,"Zeferjahn, Ryan"
666176,"Adell, Jo"
666181,"Benson, Will"
666182,"Bichette, Bo"
666185,"Carlson, Dylan"
666198,"Kieboom, Carter"
666200,"Luzardo, Jesús"
666211,"Trammell, Taylor"
666214,"Wentz, Joey"
666215,"Whitley, Forrest"
666277,"Soriano, George"
666310,"Naylor, Bo"
666374,"Brash, Matt"
666397,"Julien, Edouard"
666464,"Encarnacion, Jerar"
666619,"Santos, Gregory"
666624,"Morel, Christopher"
666659,"Lao, Sauryn"
666661,"Morillo, Juan"
666711,"Peguero, Joel"
666808,"Doval, Camilo"
666915,"Dalbec, Bobby"
666969,"García, Adolis"
666971,"Gurriel, Lourdes"
666974,"Cano, Yennier"
667297,"Nance, Tommy"
667452,"Julks, Corey"
667463,"King, John"
667472,"Myers, Dane"
667670,"Rooker, Brent"
667690,"Stubbs, C. J."
667755,"Soriano, José"
668227,"Arozarena, Randy"
668390,"Winn, Cole"
668670,"Rogers, Jake"
668674,"Erceg, Lucas"
668678,"Gallen, Zac"
668709,"Bleday, Jj"
668715,"Steer, Spencer"
668716,"Murdock, Noah"
668723,"Vilade, Ryan"
668731,"Baddoo, Akil"
668800,"Knizner, Andrew"
668804,"Reynolds, Bryan"
668820,"Kranick, Max"
668834,"McGee, Easton"
668845,"Schunk, Aaron"
668881,"Greene, Hunter"
668885,"Martin, Austin"
668901,"Vientos, Mark"
668904,"Lewis, Royce"
668909,"Williams, Gavin"
668930,"Turang, Brice"
668933,"Ashcraft, Graham"
668939,"Rutschman, Adley"
668941,"Romero, JoJo"
668942,"Rojas, Josh"
668952,"Kreidler, Ryan"
668964,"Myers, Tobias"
668970,"Hollowell, Gavin"
668974,"Handley, Maverick"
668984,"Legumina, Casey"
669003,"Mitchell, Garrett"
669004,"Melendez, Mj"
669016,"Marsh, Brandon"
669020,"Rolison, Ryan"
669022,"Gore, MacKenzie"
669060,"Wilson, Bryse"
669062,"Miller, Erik"
669065,"Stowers, Kyle"
669084,"Hall, DL"
669087,"Huff, Sam"
669093,"Estrada, Jeremiah"
669127,"Langeliers, Shea"
669134,"Campusano, Luis"
669145,"Zimmermann, Bruce"
669160,"May, Dustin"
669193,"Little, Jack"
669194,"Nelson, Ryne"
669199,"Bachar, Lake"
669200,"Mccoy, Mason"
669203,"Burnes, Corbin"
669208,"Bliss, Ryan"
669211,"Akin, Keegan"
669212,"Morgan, Eli"
669221,"Murphy, Sean"
669224,"Wells, Austin"
669234,"Malloy, Justyn-Henry"
669236,"Jackson, Jeremiah"
669242,"Edman, Tommy"
669256,"Solak, Nick"
669257,"Smith, Will"
669261,"Suwinski, Jack"
669276,"Lee, Dylan"
669288,"Johnson, Daniel"
669289,"Espinal, Santiago"
669302,"Gilbert, Logan"
669304,"Miranda, José"
669308,"Reynolds, Sean"
669326,"Teodosio, Bryce"
669330,"Wells, Tyler"
669357,"Gorman, Nolan"
669358,"Baz, Shane"
669364,"Edwards, Xavier"
669369,"Johnson, Bryce"
669371,"Henry, Cole"
669372,"Ginn, J.T."
669373,"Skubal, Tarik"
669374,"Hiura, Keston"
669387,"Mlodzinski, Carmen"
669391,"White, Owen"
669392,"Taylor, Samad"
669394,"Burger, Jake"
669397,"Allen, Nick"
669398,"Workman, Gage"
669422,"Sauer, Matt"
669432,"Rogers, Trevor"
669438,"Englert, Mason"
669449,"Palisch, Jake"
669450,"Hummel, Cooper"
669456,"Bieber, Shane"
669459,"Nelson, Kyle"
669461,"Liberatore, Matthew"
669467,"Pallante, Andre"
669477,"Schmitt, Casey"
669620,"Basso, Brady"
669622,"Bender, Anthony"
669674,"Long, Sam"
669684,"Murphy, Chris"
669701,"Smith, Josh"
669704,"Strowd, Kade"
669707,"Triolo, Jared"
669711,"Weissert, Greg"
669713,"Wesneski, Hayden"
669717,"Wilson, Will"
669720,"Hays, Austin"
669721,"Daniel, Davis"
669722,"Davidson, Logan"
669724,"Hanifee, Brenan"
669743,"Call, Alex"
669854,"Blanco, Ronel"
669911,"Toglia, Michael"
669920,"Alexander, Jason"
669923,"Kirby, George"
669947,"Scholtens, Jesse"
670032,"Lopez, Nicky"
670036,"Festa, Matt"
670042,"Raley, Luke"
670059,"Holderman, Colin"
670092,"Brooks, Trenton"
670097,"Short, Zack"
670102,"Francis, Bowden"
670156,"Mastrobuoni, Miles"
670167,"Schreiber, John"
670174,"Winckowski, Josh"
670183,"Acton, Garrett"
670223,"Mervis, Matt"
670224,"Misner, Kameron"
670231,"Rave, John"
670242,"Wallner, Matt"
670276,"Stevenson, Cal"
670280,"Bednar, David"
670329,"Garcia, Rico"
670541,"Álvarez, Yordan"
670623,"Paredes, Isaac"
670764,"Walls, Taylor"
670766,"McCaughan, Darren"
670770,"Friedl, Tj"
670810,"Gillaspie, Logan"
670912,"Oviedo, Johan"
670950,"Richards, Trevor"
670955,"Uceta, Edwin"
670970,"Morejon, Adrian"
670990,"Ramírez, Yohan"
671056,"Herrera, Iván"
671083,"Kennedy, Buddy"
671096,"Abbott, Andrew"
671106,"Allen, Logan"
671109,"Eder, Jake"
671111,"Peralta, Sammy"
671131,"Rutledge, Jackson"
671162,"Thomas, Connor"
671212,"Boyle, Joe"
671213,"Casas, Triston"
671218,"Ramos, Heliot"
671221,"Waters, Drew"
671277,"García, Luis"
671284,"Elko, Tim"
671286,"Rodríguez, Johnathan"
671289,"Freeman, Tyler"
671305,"Otañez, Michel"
671655,"Valera, George"
671732,"Butler, Lawrence"
671737,"Bradley, Taj"
671739,"Harris, Michael"
671922,"Smith, Cade"
671976,"Peters, Tristan"
672012,"Black, Tyler"
672016,"Clarke, Denzel"
672275,"Bailey, Patrick"
672279,"Siani, Michael"
672282,"Detmers, Reid"
672284,"Kelenic, Jarred"
672335,"Pérez, Cionel"
672356,"Arias, Gabriel"
672359,"Ornelas, Tirso"
672386,"Kirk, Alejandro"
672391,"Ort, Kaleb"
672456,"Montero, Keider"
672515,"Moreno, Gabriel"
672569,"Campero, Gustavo"
672578,"Hernández, Carlos"
672580,"García, Maikel"
672582,"Zerpa, Angel"
672640,"Lopez, Otto"
672642,"Berroa, Steward"
672695,"Perdomo, Geraldo"
672710,"Contreras, Roansy"
672724,"Peraza, Oswald"
672744,"Canario, Alexander"
672761,"Pérez, Wenceel"
672782,"Gómez, Yoendrys"
672820,"Sosa, Lenyn"
672841,"Vargas, Carlos"
673237,"Diaz, Yainer"
673357,"Robert, Luis"
673380,"Núñez, Dedniel"
673490,"Kim, Ha-Seong"
673513,"Matsui, Yuki"
673540,"Senga, Kodai"
673548,"Suzuki, Seiya"
673820,"Piña, Robinson"
673929,"Leasure, Jordan"
673962,"Jung, Josh"
673965,"Freeman, Caleb"
674072,"Henry, Tommy"
674285,"Salazar, Eduardo"
674370,"Bido, Osvaldo"
674384,"Núñez, Eduarniel"
674441,"Hurtubise, Jacob"
674444,"Cruz, Steven"
674841,"Alvarez, Andrew"
674944,"Guenther, Sean"
675512,"Melton, Troy"
675540,"Curry, Xzavion"
675650,"Mercado, Michael"
675659,"Jones, Greg"
675848,"Mejia, Juan"
675911,"Strider, Spencer"
675915,"Bañuelos, David"
675919,"Raquet, Nick"
675989,"Bolton, Cody"
676044,"Seymour, Bob"
676051,"Heuer, Codi"
676059,"Westburg, Jordan"
676070,"Amaya, Jacob"
676083,"Junk, Janson"
676092,"Snider, Collin"
676106,"Hancock, Emerson"
676116,"Noda, Ryan"
676130,"Buttó, José"
676206,"Tarnok, Freddy"
676254,"Walker, Ryan"
676263,"Dreyer, Jack"
676272,"Miller, Bobby"
676282,"Cantillo, Joey"
676356,"Deluca, Jonny"
676391,"Clement, Ernie"
676395,"Garcia, Robert"
676428,"Hurter, Brant"
676439,"Feduccia, Hunter"
676440,"Bibee, Tanner"
676466,"Winkler, Jack"
676467,"Gordon, Colton"
676475,"Burleson, Alec"
676477,"Whitlock, Garrett"
676480,"Barrero, José"
676508,"Casparius, Ben"
676510,"Hoffman, Nolan"
676534,"Faucher, Calvin"
676551,"Hicklen, Brewer"
676571,"Poulin, PJ"
676572,"Wagaman, Eric"
676604,"Zuber, Tyler"
676609,"Caballero, José"
676617,"O'Brien, Riley"
676661,"Lazar, Max"
676664,"Sears, JP"
676679,"Vázquez, Luis"
676680,"Cosgrove, Tom"
676684,"Vest, Will"
676694,"Meyers, Jake"
676701,"Trejo, Alan"
676702,"Stratton, Hunter"
676724,"Young, Jared"
676742,"Sanders, Cam"
676755,"Mattson, Isaac"
676760,"Marinaccio, Ron"
676775,"Winn, Keaton"
676801,"McCormick, Chas"
676812,"Mccusker, Carson"
676879,"Ashby, Aaron"
676914,"Schneider, Davis"
676917,"Cavalli, Cade"
676961,"Boushley, Caleb"
676962,"Brown, Ben"
676969,"de Geus, Brett"
676974,"Meyer, Max"
676979,"Crochet, Garrett"
677008,"Kjerstad, Heston"
677020,"Walker, Josh"
677060,"Stevens, Chad"
677161,"Kelly, Zack"
677347,"Paris, Kyren"
677587,"Rocchio, Brayan"
677588,"Tena, José"
677592,"Pereira, Everson"
677594,"Rodríguez, Julio"
677595,"Mauricio, Ronny"
677649,"Duran, Ezequiel"
677651,"Garcia, Luis"
677800,"Abreu, Wilyer"
677865,"Bruihl, Justin"
677870,"Jimenez, Leo"
677941,"Adams, Jordyn"
677942,"Alexander, Blaze"
677943,"Banfield, Will"
677944,"Cecconi, Slade"
677950,"Thomas, Alek"
677951,"Witt, Bobby"
677952,"Ashcraft, Braxton"
677955,"Hill, Jaden"
677956,"Hinds, Rece"
677958,"Rocker, Kumar"
677960,"Weathers, Ryan"
677961,"Wilcox, Cole"
678009,"Meadows, Parker"
678011,"Seigler, Anthony"
678020,"Halvorsen, Seth"
678022,"Perkins, Jack"
678024,"Vasil, Mike"
678215,"Arias, Luarbert"
678225,"Bae, Ji Hwan"
678226,"Hernández, Daysbel"
678246,"Vargas, Miguel"
678316,"Cruz, Omar"
678368,"Bellozo, Valente"
678391,"Vivas, Jorbit"
678394,"Bello, Brayan"
678489,"Barrosa, Jorge"
678495,"Rodríguez, Randy"
678554,"Mead, Curtis"
678606,"Ferrer, José A."
678662,"Tovar, Ezequiel"
678692,"Henriquez, Ronny"
678821,"Peralta, Luis"
678877,"Noel, Jhonkensy"
678882,"Rafaela, Ceddanne"
678894,"Peguero, Liover"
678906,"Teng, Kai-Wei"
679032,"Rojas, Johan"
679358,"Orze, Eric"
679529,"Torkelson, Spencer"
679631,"Vavra, Terrin"
679775,"Backhus, Kyle"
679822,"Foscue, Justin"
679845,"Loftin, Nick"
679883,"Avila, Luinder"
679885,"Martinez, Justin"
679922,"Duran, Carlos"
680118,"Blanco, Dairon"
680474,"Schuemann, Max"
680573,"Woods Richardson, Simeon"
680574,"Mclain, Matt"
680577,"Keirsey, Dashawn"
680604,"Castaño, Blas"
680684,"Hoglund, Gunnar"
680689,"Richardson, Lyon"
680694,"Bradish, Kyle"
680700,"Palacios, Richie"
680701,"Rooney, John"
680702,"Gerber, Joey"
680704,"Sandlin, Nick"
680716,"Ornelas, Jonathan"
680718,"Barger, Addison"
680728,"Del Castillo, Adrian"
680729,"McDaniels, Garrett"
680730,"Parker, Mitchell"
680732,"Burke, Sean"
680735,"Cox, Austin"
680736,"Wrobleski, Justin"
680737,"Helman, Michael"
680742,"Bowlan, Jonathan"
680755,"Fisher, Braydon"
680757,"Kwan, Steven"
680767,"Vodnik, Victor"
680769,"Alexander, Cj"
680776,"Duran, Jarren"
680777,"Jeffers, Ryan"
680779,"Davis, Henry"
680837,"Fitzgerald, Ryan"
680862,"MacIver, Willie"
680869,"Gelof, Zack"
680880,"Holman, Grant"
680885,"Schwellenbach, Spencer"
680911,"Miller, Owen"
680951,"Nikhazy, Doug"
680977,"Donovan, Brendan"
681006,"Simpson, Josh"
681082,"Stott, Bryson"
681146,"Bride, Jonah"
681151,"Murray, Jayden"
681168,"Curvelo, Luis"
681190,"Vásquez, Randy"
681217,"Silseth, Chase"
681293,"Arrighetti, Spencer"
681297,"Cowser, Colton"
681343,"Smith, Shane"
681347,"Burrows, Mike"
681351,"O'Hoppe, Logan"
681393,"Norby, Connor"
681432,"Little, Luke"
681460,"Baldwin, Brooks"
681481,"Carpenter, Kerry"
681508,"Gasper, Mickey"
681517,"Leahy, Kyle"
681546,"Outman, James"
681584,"Villar, David"
681624,"Pages, Andy"
681676,"Fernandez, Ryan"
681715,"Hernandez, Heriberto"
681751,"Estrada, Lazaro"
681799,"Roberts, Ethan"
681807,"Fry, David"
681810,"Warren, Austin"
681857,"Olson, Reese"
681867,"Criswell, Cooper"
681869,"Dubin, Shawn"
681870,"Sabrowski, Erik"
681882,"Selby, Colin"
681892,"Funderburk, Kody"
681895,"Sisk, Evan"
681909,"Dean, Justin"
681911,"Vesia, Alex"
681916,"Smith, Dylan"
681962,"Capra, Vinny"
681982,"Anderson, Grant"
681987,"Eaton, Nate"
682052,"Lopez, Jacob"
682120,"Herrin, Tim"
682144,"Sandridge, Jayvien"
682171,"Murfee, Penn"
682177,"Schneemann, Daniel"
682183,"Avans, Drew"
682243,"Miller, Bryce"
682254,"Montgomery, Mason"
682274,"Hiraldo, Yaramil"
682515,"Porter, Logan"
682610,"Muñoz, Roddery"
682622,"Marte, Noelvi"
682626,"Álvarez, Francisco"
682634,"Alcántara, Kevin"
682641,"Matos, Luis"
682653,"Bernabel, Warming"
682657,"Martínez, Angel"
682663,"Ramírez, Agustín"
682668,"Acuña, Luisangel"
682729,"Clase, Jonatan"
682790,"González, Wikelman"
682825,"Mey, Luis"
682829,"De La Cruz, Elly"
682842,"Uribe, Abner"
682847,"Ortiz, Luis"
682848,"Rodríguez, Endy"
682868,"Ramos, Bryan"
682927,"Simon, Ronny"
682928,"Abrams, Cj"
682985,"Greene, Riley"
682988,"Locklear, Tyler"
682989,"Mederos, Victor"
682990,"Priester, Quinn"
682995,"Barco, Hunter"
682997,"Callihan, Tyler"
682998,"Carroll, Corbin"
683002,"Henderson, Gunnar"
683004,"Leiter, Jack"
683011,"Volpe, Anthony"
683021,"Stefanic, Michael"
683083,"Nuñez, Nasim"
683090,"Lugo, Matthew"
683146,"Baty, Brett"
683155,"Estes, Joey"
683175,"Phillips, Connor"
683227,"Freeman, Cody"
683232,"Mears, Nick"
683357,"Caissie, Owen"
683409,"Chivilli, Angel"
683618,"Henriquez, Edgardo"
683627,"Molina, Anthony"
683734,"Vaughn, Andrew"
683737,"Busch, Michael"
683748,"Mesa, Victor"
683766,"Koss, Christian"
683769,"Gaddis, Hunter"
683770,"Robertson, Will"
684007,"Imanaga, Shota"
684320,"Rodríguez, Yariel"
684974,"Yoho, Craig"
685005,"Roa, Christian"
685068,"Ragsdale, Carson"
685107,"Veneziano, Anthony"
685126,"Eisert, Brandon"
685299,"Gordon, Tanner"
685301,"Gorski, Matt"
685314,"Saalfrank, Andrew"
685326,"Brown, McCade"
685744,"Corona, Kenedy"
685801,"Bigge, Hunter"
686217,"Frelick, Sal"
686218,"Sheehan, Emmet"
686228,"Burgos, Juan"
686249,"Wiles, Nathan"
686452,"Millas, Drew"
686469,"Pasquantino, Vinnie"
686475,"Tolbert, Tyler"
686527,"Canzone, Dominic"
686554,"Dunn, Oliver"
686555,"Collins, Isaac"
686563,"Cannon, Jonathan"
686580,"Slaten, Justin"
686611,"Crews, Dylan"
686613,"Brown, Hunter"
686642,"Ellard, Fraser"
686654,"Adcock, Ty"
686668,"Doyle, Brenton"
686676,"Lee, Korey"
686681,"Massey, Michael"
686701,"Bergert, Ryan"
686730,"Spiers, Carson"
686747,"La Sorsa, Joe"
686751,"Johnson, Seth"
686752,"Pepiot, Ryan"
686753,"Jameson, Drey"
686765,"Sogard, Nick"
686780,"Pagés, Pedro"
686790,"McDonald, Trevor"
686797,"Lee, Brooks"
686799,"Kochanowicz, Jack"
686823,"Brennan, Will"
686826,"Jarvis, Bryce"
686894,"Wiemer, Joey"
686930,"Barnett, Mason"
686948,"Baldwin, Drake"
686973,"Varland, Louis"
686993,"Sterner, Justin"
687003,"Van Belle, Brian"
687064,"Young, Brandon"
687074,"Owens, Tyler"
687075,"Sproat, Brandon"
687134,"Blalock, Bradley"
687166,"Pope, Austin"
687209,"Maxwell, Zach"
687221,"Rushing, Dalton"
687223,"Palmquist, Carson"
687231,"Hernaiz, Darell"
687263,"Neto, Zach"
687287,"Monteverde, Patrick"
687330,"Kelly, Kevin"
687362,"Gillispie, Connor"
687363,"Scott, Victor"
687377,"Ribalta, Orlando"
687396,"Headrick, Brent"
687401,"Ortiz, Joey"
687424,"Maldonado, Anthony"
687462,"Horwitz, Spencer"
687473,"Gusto, Ryan"
687478,"Devanney, Cam"
687515,"Thomas, Colby"
687529,"Mccray, Grant"
687551,"Gilbert, Drew"
687589,"Hamel, Dom"
687597,"Beck, Jordan"
687606,"Schultz, Paxton"
687637,"Beavers, Dylan"
687765,"Spence, Mitch"
687830,"Gipson-Long, Sawyer"
687847,"Church, Marc"
687849,"Kent, Zak"
687859,"Johnston, Troy"
687863,"Hodge, Porter"
687888,"Walter, Brandon"
687911,"King, Bryan"
687922,"Lucas, Easton"
687931,"Whisenhunt, Carson"
687952,"Encarnacion-Strand, Christian"
687957,"Harris, Dustin"
688107,"Gasser, Robert"
688138,"Evans, Logan"
688158,"Morgan, David"
688297,"Roycroft, Chris"
688363,"Pauley, Graham"
688497,"Rashi, Taylor"
688642,"Agnos, Zach"
688760,"Crim, Blaine"
689017,"Knack, Landon"
689041,"Thomas, Rhylan"
689147,"Kerkering, Orion"
689172,"Wisely, Brett"
689200,"Melton, Jacob"
689225,"Brieske, Beau"
689254,"Fluharty, Mason"
689266,"Dodd, Dylan"
689414,"Hicks, Liam"
689520,"Laweryson, Cody"
689690,"Jacob, Alek"
689958,"Walters, Andrew"
690022,"Ritter, Ryan"
690291,"Jung, Jace"
690382,"Darrell-Hicks, Michael"
690544,"Horn, Bailey"
690829,"Joyce, Ben"
690916,"Fitts, Richard"
690924,"Fulford, Braxton"
690925,"Beeter, Clayton"
690928,"Dobbins, Hunter"
690953,"Abel, Mick"
690976,"Freeland, Alex"
690984,"Halpin, Petey"
690986,"Harrison, Kyle"
690987,"Hassell, Robert"
690990,"Horton, Cade"
690993,"Keith, Colt"
690997,"McLean, Nolan"
691011,"Romo, Drew"
691016,"Soderstrom, Tyler"
691019,"Teel, Kyle"
691023,"Walker, Jordan"
691026,"Winn, Masyn"
691094,"Wynne, Randy"
691172,"Zulueta, Yosver"
691176,"Domínguez, Jasson"
691182,"Amador, Adael"
691185,"Acosta, Maximo"
691251,"Lara, Andry"
691373,"Garcia, Jhostynxon"
691406,"Caminero, Junior"
691441,"Mena, Cristian"
691548,"Muñoz, Rolddy"
691587,"Pérez, Eury"
691594,"Sanoja, Javier"
691718,"Crow-Armstrong, Pete"
691720,"Karros, Kyle"
691723,"Mayo, Coby"
691728,"Veen, Zac"
691769,"Abner, Philip"
691777,"Muncy, Max"
691781,"House, Brady"
691783,"Lawlar, Jordan"
691785,"Mayer, Marcelo"
691799,"Taylor, Grant"
691907,"Cheng, Tsung-Che"
691951,"Aldegheri, Sam"
692024,"Carrillo, Alex"
692030,"Corniell, Jose"
692216,"Kayfus, Cj"
692225,"Campbell, Kristian"
692230,"Rodriguez, Carlos"
692285,"Guerrero, Luis"
692585,"Fernández, Yanquiel"
693304,"Gonzales, Nick"
693307,"Dingler, Dillon"
693312,"Nicolas, Kyle"
693313,"Seymour, Carson"
693409,"Prieto, César"
693433,"Woo, Bryan"
693645,"Schlittler, Cam"
693821,"Elder, Bryce"
693855,"Seymour, Ian"
694037,"Palencia, Daniel"
694192,"Chourio, Jackson"
694203,"Guzman, Denzer"
694208,"Ballesteros, Moisés"
694212,"Basallo, Samuel"
694297,"Pfaadt, Brandon"
694335,"Svanson, Matt"
694350,"Brzykcy, Zach"
694359,"Kavadas, Niko"
694361,"Klein, Will"
694362,"Dunn, Blake"
694363,"Shuster, Jared"
694374,"Tawa, Tim"
694376,"Whitcomb, Shay"
694377,"Yorke, Nick"
694384,"Schanuel, Nolan"
694388,"Loperfido, Joey"
694462,"Waldrep, Hurston"
694477,"Patrick, Chad"
694497,"Carter, Evan"
694646,"McDermott, Chayce"
694671,"Langford, Wyatt"
694728,"Matthews, Brice"
694738,"Roupp, Landen"
694819,"Misiorowski, Jacob"
694851,"Hoffmann, Andrew"
694918,"Tidwell, Blade"
694973,"Skenes, Paul"
695238,"Wagner, Will"
695243,"Miller, Mason"
695257,"Cook, Billy"
695336,"Saggese, Thomas"
695391,"Harris, Brett"
695418,"Lord, Brad"
695445,"Lee, Chase"
695505,"Burns, Chase"
695506,"Caglianone, Jac"
695534,"Petty, Chase"
695549,"Jobe, Jackson"
695578,"Wood, James"
695600,"Jensen, Carter"
695657,"Montgomery, Colson"
695670,"Ford, Harry"
695681,"Moore, Christian"
695734,"Lile, Daylen"
696030,"Osuna, Alejandro"
696100,"Goodman, Hunter"
696131,"Black, Mason"
696136,"Wicks, Jordan"
696147,"Bachman, Sam"
696149,"Chandler, Bubba"
696270,"Johnson, Ryan"
696285,"Young, Jacob"
697812,"Rock, Joe"
699134,"Rodriguez, Bradgley"
699625,"Crooks, Jimmy"
699911,"Darnell, Dugan"
700187,"Taylor, Troy"
700241,"McGreevy, Michael"
700242,"Sweeney, Trey"
700246,"Williams, Carson"
700249,"Povich, Cade"
700250,"Rice, Ben"
700270,"Díaz, Yilber"
700337,"Quero, Edgar"
700363,"Smith-Shawver, AJ"
700669,"Graceffo, Gordon"
700932,"Manzardo, Kyle"
701121,"VanWey, Logan"
701305,"Dezenzo, Zach"
701350,"Anthony, Roman"
701358,"Smith, Cam"
701398,"Stewart, Sal"
701487,"Ohl, Pierson"
701519,"Adams, Travis"
701538,"Merrill, Jackson"
701542,"Warren, Will"
701552,"Granillo, Andre"
701581,"Festa, David"
701656,"Henderson, Logan"
701675,"Church, Nathan"
701762,"Kurtz, Nick"
702056,"Yesavage, Trey"
702070,"Cameron, Noah"
702176,"Roden, Alan"
702284,"Young, Cole"
702332,"Durbin, Caleb"
702352,"Bivens, Spencer"
702358,"Lipscomb, Trey"
702616,"Holliday, Jackson"
702674,"Dana, Caden"
702752,"Pintaro, Jonathan"
702795,"Loutos, Ryan"
800048,"Messick, Parker"
800049,"Mazur, Adam"
800050,"Delauter, Chase"
800311,"Fuentes, Didier"
801139,"Tolle, Payton"
801216,"Montes De Oca, Christian"
801403,"Dollander, Chase"
801434,"Gervase, Paul"
802415,"Simpson, Chandler"
802419,"Harrington, Thomas"
802686,"Harris, Hayden"
804636,"Tong, Jonah"
804668,"Flores, Rafael"
805123,"Blubaugh, AJ"
805249,"Kemp, Otto"
805299,"Garcia, Brandyn"
805300,"Marsee, Jakob"
805367,"Meidroth, Chase"
805373,"Alvarez, Nacho"
805427,"Sommers, Drew"
805673,"Matthews, Zebby"
805779,"Wilson, Jacob"
805811,"Eldridge, Bryce"
805904,"Cole, Zach"
806185,"Birdsong, Hayden"
806188,"Gibson, Cade"
806960,"Morales, Luis"
807712,"Keaschall, Luke"
807713,"Shaw, Matt"
807799,"Yoshida, Masataka"
808963,"Sasaki, Roki"
808967,"Yamamoto, Yoshinobu"
808975,"Kim, Hyeseong"
808982,"Lee, Jung Hoo"
810938,"Williamson, Ben"
813349,"Early, Connelly"
815083,"Farris, Mitch"
820862,"Fermin, José"
829272,"Ogasawara, Shinnosuke"
