batter,batter_whiff_avg,batter_hardhit_avg,batter_xbh_avg,batter_whiff_max
455117,0.20111172158023882,0.04359846000656378,0.012888487840895422,1.0
456781,0.14772247626300855,0.12377623421799877,0.014958597618297768,0.4285714285714285
457705,0.1176586384516777,0.06912849819609049,0.015872364911668997,0.2631578947368421
457759,0.04885212236792774,0.04389272257135696,0.00797115316932389,0.1818181818181818
467793,0.09222516495203165,0.05832820913983703,0.011111676009745204,0.2307692307692307
493329,0.07592933006535947,0.05325727513227512,0.0023148148148148125,0.5
500743,0.07627335559884382,0.07386344881019044,0.014742300189571785,0.1935483870967742
502054,0.0893458874311399,0.09013035875940288,0.02492116567304694,0.2857142857142857
502671,0.06782513929244971,0.08669114682547707,0.014947677590922623,0.1875
514888,0.12520759959154315,0.06630608640275762,0.015419534646607266,0.2857142857142857
516782,0.15298435950074626,0.06863015744208321,0.015519550389373665,0.3333333333333333
518595,0.212687417691169,0.06163736372049517,0.02324474288813112,0.5
518692,0.17763990003640945,0.07932179005843693,0.01948079879275088,0.75
518792,0.09950800833153775,0.05462335703512173,0.011540616246498594,0.2857142857142857
518934,0.06281248633088768,0.07409177126592405,0.004646974167293948,0.3076923076923077
519317,0.1772523623294861,0.10009560280806447,0.027343759231749358,0.5
521692,0.1550985172011091,0.13579766059359216,0.025935689078834083,0.5
527038,0.08571370894328402,0.09760598827435808,0.006616712974816073,0.1866666666666666
542303,0.10086510449646277,0.05012334540436941,0.012048667318343623,0.2222222222222222
542932,0.10268772296378155,0.050347586339790064,0.006340579710144925,0.3333333333333333
542963,0.30333333333333334,0.03333333333333332,0.0,0.6666666666666666
543309,0.11660803557632875,0.10402156791367628,0.02126044599437637,0.5
543510,0.15150759929992302,0.14904715019803355,0.01210090448009319,0.5
543592,0.05293560606060606,0.13341688948306596,0.004166666666666662,0.5
543760,0.12075056007711633,0.062063464939714263,0.01677210261650098,0.4285714285714285
543807,0.0987079125351645,0.07811178326010566,0.015513505916727899,0.3333333333333333
543877,0.05662432514936599,0.0900382901535042,0.01102791357375299,0.3
545121,0.1394617326127455,0.08557567506527661,0.013154305200341004,0.3333333333333333
545341,0.10596590668703124,0.0955410438488109,0.014949619783845096,0.5
545361,0.10284445299014765,0.07716398654377847,0.034995064943886635,0.2857142857142857
547180,0.17133241195719667,0.08471401129612686,0.02432171093601979,0.625
553869,0.16577371637989272,0.1079191054335836,0.01354740597012114,0.5
553882,0.0131578947368421,0.0131578947368421,0.0,0.1052631578947368
553993,0.14981275544872452,0.11835481453978519,0.03662303064100444,0.2580645161290322
570482,0.1851085651528059,0.08221090167782809,0.030946024374054658,0.5
571448,0.09476712478101007,0.10208456787567265,0.012670786284344567,0.3333333333333333
571466,0.007575757575757575,0.03333333333333333,0.0,0.0909090909090909
571657,0.10557599627822792,0.10759969525987528,0.05996724759115948,0.2272727272727272
571771,0.13630723550257898,0.10192316262300928,0.01815229251730887,0.3333333333333333
571912,0.10597637656461184,0.0702572069204929,0.019327731092436972,0.3333333333333333
571970,0.10710398104889658,0.06489600569431671,0.01263854162592834,0.2631578947368421
572138,0.025,0.2125,0.0,0.2
572191,0.15350093354548383,0.06641871013997325,0.02307584029905698,0.3157894736842105
572233,0.14155995285217257,0.0908435969707984,0.018681862797880568,0.2692307692307692
573262,0.10405505926018424,0.08492488046900314,0.020928200797995934,0.6666666666666666
575929,0.11762759901773416,0.08825379668999526,0.0245193417154819,0.2256097560975609
578428,0.14810401010396465,0.06688755520808291,0.005250289849540269,1.0
592178,0.15648668374232283,0.06196191027018094,0.01683673469387755,0.5
592192,0.10689209098881121,0.05572174050981264,0.0033333333333333296,0.3333333333333333
592206,0.16127771570479382,0.06200536696500175,0.0198435773149244,0.3953488372093023
592450,0.18613585376278,0.11557027255093172,0.026858889666384445,1.0
592518,0.12572687300305635,0.1269338310981798,0.02331228170490348,0.2549019607843137
592626,0.0651054211934729,0.08427621533949348,0.03468995123739211,0.2142857142857142
592663,0.13315262974245773,0.08595535182146755,0.02372936202963404,0.3333333333333333
592669,0.07719699498567201,0.0936488381090921,0.03481532147742818,0.2058823529411764
592696,0.19722222222222222,0.10833333333333334,0.0,0.6
592885,0.1488411958646534,0.12311565037952836,0.0637360920954856,0.4444444444444444
593428,0.09275985666852248,0.10349859192555226,0.029875629096338223,0.2
593871,0.16711632097655768,0.10780544683794069,0.05209224987733576,1.0
595777,0.09032158186830193,0.08071742331171954,0.015494429972923,0.2857142857142857
595879,0.2303483701401639,0.08861500069005304,0.03499606367663405,1.0
595978,0.1492993574144098,0.10600023350104174,0.015495650995743598,0.3571428571428571
596019,0.12226093607032404,0.08089777252843182,0.015495417685261614,0.4
596103,0.10991202258992357,0.06311725715793706,0.008891782357248757,0.4
596115,0.17557528297963784,0.1028914348386081,0.026060825991386087,0.3846153846153846
596142,0.10680533347200011,0.10422904123884513,0.019074074074074066,0.24
596146,0.11154148785487583,0.0760618713453023,0.018715234754542166,0.2926829268292683
600869,0.11334452402276549,0.05026715651691587,0.010370370370370367,0.391304347826087
602104,0.10403648057757162,0.08361012542040196,0.020913490158868057,0.2061855670103092
605113,0.19047619047619047,0.07142857142857142,0.0,0.5
605131,0.10316526610644257,0.04012805122048818,0.026666666666666655,0.3333333333333333
605137,0.136288631307916,0.07436444699285209,0.013721497500135868,0.5
605141,0.06710656167163573,0.09554206810830326,0.021620074492626172,0.1739130434782608
605170,0.16817894668928227,0.06805108926159838,0.016617272486143173,1.0
605204,0.1326923076923077,0.04285714285714285,0.0,0.6
605244,0.047619047619047616,0.07142857142857142,0.0,0.3333333333333333
605361,0.05712098320793971,0.05749385922020191,0.007368521243201541,0.1666666666666666
606115,0.12212817223869278,0.0886350874947534,0.024479055897314916,0.3333333333333333
606192,0.14999938830900025,0.08556286902040157,0.030952292549781046,0.3793103448275862
606466,0.09516637388109989,0.12381453061755229,0.04113695450427404,0.3333333333333333
606992,0.19534413715422166,0.04844145694840138,0.015508340681951782,0.5
607043,0.08436476870979875,0.11160139217301145,0.020027534495999894,0.2
607208,0.1431254238585746,0.07106811167753113,0.018228132777457075,0.2758620689655172
607680,0.10160334967320261,0.09093508615567439,0.010416666666666663,0.5
607732,0.17944909185795124,0.03433972504005998,0.0023624157287523615,0.5714285714285714
608070,0.06253759724657756,0.07970425684042137,0.01996429202402309,0.1666666666666666
608324,0.04897436897498687,0.12078835486245157,0.035383980072731455,0.1739130434782608
608348,0.1142795726771478,0.09640227001267064,0.042033604962577076,0.3
608369,0.13514899931858607,0.0899478883575524,0.02606535027199472,0.3333333333333333
608385,0.08680713696241645,0.09636173867540325,0.03888670852956567,0.3333333333333333
608671,0.1515432510068704,0.06492241175076996,0.0018656716417910437,1.0
608701,0.07829491625991779,0.052478767248384885,0.014479834194195174,0.4
609280,0.11977951214751371,0.15671133148027536,0.03046588919119003,1.0
620443,0.11466432135789274,0.1029183952969737,0.025744838167924854,0.3333333333333333
621020,0.14131612299639634,0.07641670601448794,0.02171885478841068,0.4
621028,0.07705095289324221,0.05512158220162812,0.017065382833697306,0.2592592592592592
621035,0.17185417032191225,0.08839609762996858,0.030760040437459786,0.3636363636363636
621043,0.09850747874969026,0.10855831592380254,0.013984110378344444,0.1836734693877551
621438,0.13633471982490322,0.10336528722171112,0.02818595000547402,0.375
621439,0.1522628504856761,0.12589045190668294,0.030868205080272364,0.75
621493,0.07630015571729856,0.07171192740999645,0.03212923553329184,0.2
621512,0.11586527293844366,0.07519550909794812,0.0,0.5
621566,0.11198689267773342,0.08084789229290389,0.02355103680727005,0.3
622534,0.14056437389770723,0.05555555555555555,0.0,0.5
622569,0.07679939792008758,0.06888406703677638,0.0024630541871921144,0.25
622761,0.16842953035285294,0.10622715101605562,0.03082922824302134,0.6666666666666666
623168,0.08685663645049577,0.06454006468710387,0.01808201858707155,0.2307692307692307
623993,0.15981909731225258,0.09096277962524783,0.01411942169877917,1.0
624413,0.11025936070557413,0.10862494893515533,0.024144025033606634,0.2941176470588235
624415,0.1318925035413024,0.0344262478597256,0.0015889830508474562,1.0
624424,0.11476059355270249,0.06623027182297125,0.012259607575257517,0.2
624428,0.11999841348433729,0.03993278054365029,0.018201061321727125,0.5714285714285714
624431,0.07707814521617244,0.0962278214059612,0.02878963333955858,0.4
624512,0.10425756812183701,0.08943861621908249,0.028542555971133594,0.2857142857142857
624513,0.2285714285714286,0.0,0.0,1.0
624585,0.09082971469015744,0.07755497104488458,0.012758211772388063,0.2363636363636363
624641,0.21482535021926172,0.11309790281563731,0.01638843530607788,1.0
628451,0.09304556852522115,0.08331435816696034,0.008763560213999875,0.25
630105,0.10767392872996809,0.06948824263205071,0.0115615401353435,0.5
640492,0.012820512820512815,0.08928571428571427,0.0,0.1666666666666666
640902,0.08893788689442769,0.11252644690528799,0.016423975010454363,0.25
641302,0.0,0.0,0.0,0.0
641313,0.23169228135754386,0.06417201640610695,0.023895491700516518,1.0
641343,0.08974822437570208,0.08741977138693804,0.03592398979978488,0.25
641355,0.08435957271824772,0.10372618354757215,0.026234352770570454,0.24
641487,0.08946291172152965,0.09875361010940784,0.023070087341168374,0.3333333333333333
641555,0.08938752921053802,0.06782108693613116,0.016315076138084975,0.2857142857142857
641584,0.10417155893508348,0.08900244615749683,0.011193923458542063,0.2857142857142857
641598,0.1552195473523387,0.07844351535148664,0.016993397446659685,1.0
641645,0.21515984015984013,0.04304029304029303,0.0,1.0
641658,0.11813174046101901,0.04070688965588752,0.02412280701754386,1.0
641680,0.10188320847299158,0.08685530969288793,0.011971675734833445,0.24
641856,0.10773809523809523,0.01785714285714285,0.006666666666666659,0.2857142857142857
641857,0.18483599358392447,0.05755816330787951,0.012471236757169182,0.3529411764705882
641933,0.14821782371604256,0.04246232735277164,0.01451545530492897,0.2857142857142857
641943,0.17322009365872115,0.08910037786821895,0.015528073850807412,0.6666666666666666
642086,0.07865190647280175,0.04985282943885127,0.030316479847604844,0.2083333333333333
642133,0.11206841849950452,0.04824541373590841,0.010667875444122484,0.4
642136,0.14498168756077842,0.06278015914894923,0.012813167021950553,1.0
642180,0.12606102825356183,0.02549212772306909,0.003914742861294017,0.5
642201,0.14550736674038175,0.08373616599872828,0.01184830609627152,0.3333333333333333
642215,0.10618425782931958,0.06219931298692646,0.01185932388222464,0.4285714285714285
642350,0.19114774114774113,0.0227106227106227,0.004807692307692306,0.5
642708,0.11412586680456908,0.0894962015682653,0.01334903973229982,0.4285714285714285
642715,0.13417550254944854,0.05343087973376875,0.011571837039386046,0.2941176470588235
642727,0.12698412698412698,0.0,0.0,1.0
642731,0.10698641795993839,0.0935370480278458,0.0359148986510905,0.3333333333333333
642851,0.17688615318096304,0.12768404193093283,0.04077097581476098,1.0
643217,0.15270195973774708,0.08442947547344788,0.025471395622013986,1.0
643289,0.06927292478825353,0.05676857634240147,0.017191096440789765,0.5
643376,0.09956931026453868,0.10009986400144551,0.014884595088300635,0.5
643396,0.07081564141239595,0.07187440614807239,0.009849498328586014,0.21875
643446,0.07528186325106585,0.051137602994990504,0.014039976313331499,0.2692307692307692
643565,0.14749176457156873,0.04508050463654739,0.012566484623004576,1.0
644433,0.1232142857142857,0.07857142857142856,0.08035714285714286,0.5
645277,0.09678244588293335,0.07726357313449965,0.01847736015297469,0.2653061224489796
645302,0.19072015947015944,0.10255141100729334,0.02435383244206773,0.6666666666666666
645305,0.09576539855072463,0.07730978260869564,0.031249999999999997,0.3333333333333333
645444,0.11095069222260397,0.054401109906523276,0.0034630357175676908,1.0
646240,0.12035443569332166,0.10071670718577731,0.020691040087254763,0.5
647304,0.13067442874356014,0.08045485630078468,0.03967833613418979,0.6666666666666666
647351,0.08606670317315215,0.07938666153487303,0.015112225458856869,0.375
649966,0.04312926876585705,0.09185966727595078,0.010100922514104,0.1891891891891892
650333,0.03149551837046516,0.03457144307078512,0.0142703911952378,0.15
650402,0.059510737011657676,0.0559862726971585,0.013931213553007415,0.1379310344827586
650489,0.12869065496930435,0.08656532410463864,0.013729252160488203,0.3333333333333333
650490,0.07391106129685904,0.1404890677062482,0.03393933467090521,0.375
650559,0.1375662429890371,0.17842463908640377,0.005208333333333331,0.4285714285714285
650859,0.11534885324341633,0.08656670350413928,0.012712838192462586,0.3333333333333333
650968,0.12143906871520817,0.13326596113380995,0.035835781050925435,0.25
655316,0.12590230682268458,0.0599493522354287,0.024479061417880782,0.5
656180,0.19019506105939582,0.1020065349427581,0.008492850997920834,0.75
656248,0.18397189350934706,0.0354512545424347,0.0058542413381123,1.0
656305,0.0873094827123918,0.10158655908124248,0.020460928260625615,0.25
656413,0.19781669986933142,0.06539014202172096,0.03349206349206348,1.0
656484,0.13367327117327116,0.07078236578236577,0.01931938431938431,0.3333333333333333
656537,0.18079103369622254,0.0868777216471011,0.01840594533716575,0.5
656541,0.15871099609034223,0.08076487220039373,0.016501902784985294,1.0
656555,0.09476284083354918,0.07112768016830379,0.010254321849270416,0.2105263157894736
656577,0.1948499097448095,0.1051448033255105,0.04300510634875959,0.5
656582,0.09240016339959013,0.06648076970636278,0.005319848245811728,0.375
656716,0.1128755190809971,0.03241508172237286,0.03386314312183379,0.5
656775,0.09583830660748097,0.06580251325823497,0.024354616063044548,0.2333333333333333
656811,0.11353060041964134,0.11335081040996331,0.06108350006993677,0.5
656896,0.15755263006322348,0.0531315084982656,0.010206468692707223,0.35
656941,0.14561622914548664,0.08221970117799914,0.01607601420925879,0.3
656976,0.18136023554443012,0.04900832549351736,0.008964376219733032,1.0
657041,0.1391969800316758,0.06640949739916586,0.012303895012699401,0.2727272727272727
657077,0.05291995199687076,0.103964419685265,0.005473668781418721,0.2631578947368421
657136,0.11709095816733253,0.05567575126966012,0.004506896082983038,0.5
657557,0.20629051857272365,0.07889345838903325,0.018451375137054714,0.6
657656,0.12228101349406126,0.08740545986542286,0.022818188404739405,0.2391304347826087
657757,0.09394460099148812,0.1308216937729997,0.04784506951853191,0.2692307692307692
660162,0.15247756756943726,0.06584473994673885,0.028120644504915582,0.4444444444444444
660271,0.165684921609375,0.093946992955557,0.024215647223998535,0.4285714285714285
660644,0.13438343442488548,0.07665934874922496,0.012161137863385043,0.4
660670,0.1378902958141719,0.07174305391552785,0.01538530367815888,0.391304347826087
660688,0.07323395165466773,0.10570143966125926,0.00841599197703651,0.3333333333333333
660757,0.12453252349374233,0.1706616321505518,0.005847953216374269,0.4285714285714285
660821,0.18756997324518065,0.09785243552005661,0.022949712434179544,1.0
660844,0.06590025485027012,0.022114276065179024,0.005508068405019811,0.1818181818181818
661388,0.10957217647937964,0.1001499220486679,0.019246929265995815,0.2537313432835821
662139,0.20113825411948433,0.0785018564941753,0.03025588099247397,1.0
663330,0.10724623101709421,0.09104685379054192,0.020733525380173153,0.3333333333333333
663368,0.0972976328316286,0.037499639222612846,0.016892702909229354,0.3333333333333333
663457,0.08202413108908672,0.09387818731873597,0.010598676955836338,0.2318840579710145
663536,0.037721893491124245,0.14373767258382641,0.0029585798816568,0.1666666666666666
663538,0.051866346194382136,0.10460258773881356,0.04568099089673668,0.1785714285714285
663584,0.2522030971479501,0.0789370861981156,0.0018939393939393938,1.0
663586,0.13608001681631962,0.1306574736150011,0.023010408205856325,0.25
663604,0.14212679197424757,0.08190981458228266,0.010326679225409165,0.5
663609,0.13557182712083043,0.1761675824175824,0.008872668029644764,0.3333333333333333
663616,0.17707670239095252,0.06144831634435965,0.012361164762636753,0.5
663624,0.18262553605905488,0.10138974244149004,0.04320398827223845,0.5
663647,0.08247311859463322,0.09180946748288521,0.01169121872831029,0.3333333333333333
663656,0.13561710224536505,0.07493861247532664,0.017097572104691663,0.5
663662,0.07931649034445086,0.08696778002699054,0.005789473684210525,0.24
663697,0.08095780881364854,0.07433801389711582,0.012557325391136628,0.25
663698,0.1346205353526507,0.0582327954139273,0.011536446242929944,0.3333333333333333
663728,0.1632623602872145,0.09825904140224201,0.03056061949605254,0.2988505747126437
663731,0.19746919746919747,0.03388278388278388,0.019230769230769232,1.0
663743,0.1195564763794603,0.09106658536045355,0.013272556942224283,1.0
663757,0.08128353024793109,0.048034965547207355,0.011516074003389474,0.1666666666666666
663796,0.08333333333333333,0.08333333333333333,0.0,0.3333333333333333
663837,0.0673777764592378,0.05529314965134841,0.007667652041053571,0.1818181818181818
663853,0.17176811279904908,0.12495117514421261,0.035706571235946026,0.6
663886,0.15236225055855618,0.06030586034374557,0.03486247072739122,1.0
663897,0.14458874458874457,0.06937229437229436,0.014610389610389608,0.5714285714285714
663898,0.25836934716224785,0.08090288085708434,0.009406880235905635,1.0
663967,0.12443438914027148,0.009049773755656108,0.0,1.0
663968,0.09403628701029423,0.1095391777557468,0.017953736639247094,0.25
663993,0.09861318333128567,0.06895035865529532,0.013416029787856436,0.4
664023,0.12621117070196403,0.09045993227652731,0.017987202646166937,0.5
664034,0.11341256355369073,0.14185062450346175,0.04661118787056253,0.25
664040,0.18011892485958508,0.07174158043373123,0.01708750011760987,0.4545454545454545
664056,0.135766078240783,0.08765365374097811,0.0162287851886862,0.3
664059,0.09885039859911011,0.0797415369480787,0.02934304492255337,0.2857142857142857
664068,0.1551784816490699,0.05516591251885369,0.012820512820512815,0.6666666666666666
664238,0.11806197805079814,0.06228575623140465,0.012943226736065657,0.3333333333333333
664702,0.04876820528389296,0.08589805126701276,0.009848140105430237,0.3333333333333333
664728,0.0875399780171768,0.06531393676730483,0.015855764263832207,0.2857142857142857
664761,0.06722333643247853,0.14090698476713698,0.04426605377060179,0.3333333333333333
664770,0.13937113335557008,0.07684573151419725,0.03393623226511828,1.0
664774,0.11692786542684155,0.04756245999240991,0.008593641215905218,0.5
664913,0.18641971474580168,0.05958394565555689,0.00451914098972922,0.5
664954,0.07647058823529412,0.13627450980392156,0.0,0.4
664983,0.11358780223131483,0.05179498128545949,0.015089730865617223,0.3333333333333333
665019,0.14727670427259498,0.08115462424201908,0.015754403478812427,1.0
665052,0.12832390487025727,0.06038018853339569,0.02941266135135231,0.3684210526315789
665155,0.12867743097456175,0.024729053861248886,0.0036965323006512927,0.5454545454545454
665161,0.13739634838661097,0.10554245575326633,0.02169232084698895,0.3076923076923077
665487,0.11301875054071855,0.08938682890329536,0.01336865206082187,0.2647058823529412
665489,0.11298286446780126,0.11553371255597736,0.03272801280169958,0.5
665561,0.09540094714935841,0.0461741460731195,0.011771964240597116,0.2727272727272727
665742,0.07565703894531202,0.07161569744877776,0.0145627876454894,0.2
665750,0.09965451428885988,0.06661448917276443,0.01389818434322693,0.25
665804,0.15405629837290735,0.10738650304348718,0.0188245019369977,0.5
665828,0.15130522685785844,0.08652661342135025,0.005460069091648037,1.0
665833,0.1495178953688249,0.07303689261475592,0.011264559067041751,0.2790697674418604
665839,0.09944805756822009,0.08760044307257928,0.013133661359280544,0.3333333333333333
665862,0.13764607197081438,0.07035978809523653,0.018224968413300884,0.4285714285714285
665877,0.037777139496064455,0.03460126593648759,0.012530453832080861,0.2
665923,0.340707671957672,0.02116402116402116,0.011904761904761899,1.0
665926,0.21275545307064672,0.05135186405770041,0.015605925167868927,1.0
665953,0.13609629074301782,0.08820127241179872,0.012593984962406006,0.3333333333333333
665966,0.11447920637254591,0.07470666504767805,0.023454115524065563,0.3333333333333333
666018,0.12078885382714012,0.07636624922609662,0.01398614583796212,0.25
666023,0.10230394796821132,0.08213609304390748,0.02087705076691507,0.18
666126,0.07052959072513318,0.11385114504739434,0.03514684269099744,0.3125
666134,0.20136009723925355,0.0566000281166525,0.0071734127423775575,1.0
666139,0.1415084095588135,0.09307476703314647,0.01247560557551227,0.2857142857142857
666149,0.1465220151962416,0.04098442258080144,0.01056409007189163,0.5
666152,0.12009298236275308,0.04178632040822556,0.007587495728348639,0.5
666158,0.08113215782274778,0.04941853876073234,0.00759177169650832,0.2083333333333333
666160,0.19017689221710846,0.08878226405203778,0.02150853596424595,0.5
666163,0.15635676834140153,0.029682283429979434,0.006120633820538518,1.0
666165,0.13408748114630467,0.035256410256410256,0.07692307692307693,0.4
666176,0.12174820099440287,0.10065806817262768,0.028291913324233562,0.25
666181,0.19685609603461549,0.07807805800125815,0.023885342215846036,1.0
666182,0.11933407333557719,0.13156868752429268,0.04089792796661843,0.3571428571428571
666185,0.07225818917745236,0.040239977112793625,0.008836042841918582,0.2
666211,0.18476536192368725,0.042926720700998115,0.011779126400233271,0.5
666310,0.1062284335445157,0.12028894923410571,0.015088136178577141,0.5
666397,0.09204666466324951,0.11117813887229262,0.012842974325677327,0.3333333333333333
666464,0.1859780570306886,0.0879847459938993,0.020813397129186593,0.5
666624,0.19910487269816837,0.1335232203240202,0.019798568982679548,0.5
666915,0.18185185185185182,0.05222222222222221,0.007407407407407407,1.0
666969,0.1609577327171976,0.10035816778090281,0.019017410930356086,0.4444444444444444
666971,0.11649476072456315,0.13018368088820717,0.01661574655809074,0.3265306122448979
667452,0.20888888888888885,0.12111111111111113,0.06428571428571428,1.0
667472,0.10454815294843277,0.07524484586990712,0.02330172706160547,0.4
667670,0.15677100437688868,0.10766101315739073,0.050084714468496175,0.2575757575757575
668227,0.11374958786278588,0.0949667083304834,0.018486859827043574,0.25
668670,0.14138950761100616,0.05944741702736332,0.014250178314097358,0.75
668709,0.12901430272032027,0.07504807344047977,0.045722894657118894,0.3048780487804878
668715,0.14363217297399558,0.07470293485963063,0.02319978493061869,0.5
668723,0.10032051282051282,0.14679487179487177,0.0,0.6666666666666666
668731,0.16083333333333333,0.14666666666666667,0.03333333333333333,0.5
668800,0.09612836226405543,0.06597383064548969,0.004659832246039137,0.4285714285714285
668804,0.15482265168289155,0.08790880559729608,0.03145434868207119,0.2835820895522388
668845,0.1651154401154401,0.07573815073815073,0.005128205128205123,0.5
668885,0.07983173788984292,0.04853611202406668,0.015478175723466376,0.3333333333333333
668901,0.19509374947350697,0.10466395032224525,0.03577685978946839,0.5
668904,0.11820885742332587,0.11500407498584755,0.015370593920357875,0.2325581395348837
668930,0.09035054950779686,0.07200014550386835,0.01454338602593958,0.5
668939,0.05254305744860038,0.07219392037003851,0.013346612623658433,0.1666666666666666
668942,0.10153073809980681,0.061079589775777286,0.009067904561140606,0.5
668952,0.13417566990231347,0.04639031991973168,0.0,0.3333333333333333
668974,0.152188488785796,0.049076178819140864,0.0,0.5
669003,0.1864286470323622,0.03319253702380637,0.00846949891067538,1.0
669004,0.13636379185907943,0.04908015863781289,0.007813318607252586,0.4444444444444444
669016,0.14693794589243897,0.07209519246973037,0.02004770943889519,0.375
669065,0.18316387733031408,0.09257450127423102,0.041174327437581114,1.0
669087,0.2030162924949702,0.044745036580650266,0.005159958720330236,1.0
669127,0.11690167486399612,0.1490840690908556,0.049867775190467,0.2580645161290322
669134,0.12068737898257348,0.05016447368421052,0.0,0.5
669200,0.1568451672166842,0.03630229419703103,0.004048582995951415,0.75
669208,0.24903302439187608,0.056024358416702905,0.022966507177033493,1.0
669221,0.16844601834186979,0.08073990669627801,0.019085432089093624,0.375
669224,0.14464117876747143,0.10763050375741103,0.022810056614315066,1.0
669234,0.15368621645602398,0.04094079442750516,0.00569765976808345,0.6666666666666666
669236,0.17202427887196958,0.075777456403699,0.023346164701305766,0.4
669242,0.09466618787006971,0.09658903302121961,0.01839652242621123,0.25
669256,0.22333333333333333,0.05333333333333333,0.0,1.0
669257,0.08611510427992675,0.08213695467769072,0.030297171003074854,0.2
669261,0.16058825909605043,0.0226037500614313,0.005096607999833794,1.0
669288,0.16430160368240862,0.07652836339214047,0.014452798663324972,0.5
669289,0.057121959384374144,0.05048604093676477,0.011240890918001229,0.2
669304,0.09220085470085469,0.11773504273504273,0.02564102564102564,0.5
669326,0.25242952047342215,0.0620070483333394,0.019384703715689622,1.0
669357,0.17749257862328433,0.0560974668038335,0.01318185769486499,0.4
669364,0.07070024172633191,0.062417018352546656,0.011448762012005814,0.5
669369,0.0888324969207322,0.06173752374732766,0.02160493827160493,0.3333333333333333
669374,0.18735177865612648,0.06363636363636363,0.045454545454545456,1.0
669392,0.05555555555555555,0.037037037037037035,0.0,0.5
669394,0.1631381193576253,0.11855143469111881,0.03680723313704942,0.375
669397,0.11685821679491165,0.04163528020175639,0.011930724399572863,0.4
669398,0.29225589225589227,0.06666666666666667,0.05555555555555555,0.6666666666666666
669432,0.3333333333333333,0.0,0.0,1.0
669450,0.13226782646119029,0.06267193015476769,0.014692982456140348,0.4166666666666667
669477,0.13232160339339213,0.0843075360738068,0.030213115292452904,0.5
669701,0.14149776344666823,0.049854671518897255,0.010771583382085139,0.6666666666666666
669707,0.16724247707862808,0.05673507545039088,0.01591379005917283,0.5714285714285714
669717,0.2157934859882744,0.0736627232112268,0.007080930765141283,0.5
669720,0.13668459390346596,0.1184405900620795,0.020207891329478575,0.2857142857142857
669722,0.11750664912429618,0.07458513708513709,0.012737670825906117,0.3571428571428571
669743,0.06272692945796488,0.04946471659792183,0.013416437720104448,0.1578947368421052
669911,0.19033255908905947,0.07390828353810172,0.028984671061157208,0.4285714285714285
670032,0.03899572649572648,0.05424351476983055,0.0,0.25
670042,0.19257767155991978,0.06723943593827467,0.009200094506110095,0.4
670092,0.14215506715506712,0.03142150247413404,0.011257309941520466,0.5
670097,0.09186344579602122,0.05126828925160606,0.01676003734827263,0.3333333333333333
670156,0.05455539234645715,0.058138847631007524,0.011638313862130212,0.1917808219178082
670223,0.17234543333940922,0.09804524501060644,0.0342303830707445,0.4444444444444444
670224,0.1712122107419539,0.042708550156189996,0.019243606602822906,0.5
670231,0.07537848420414706,0.10819245207990272,0.0049761154983184895,0.5
670242,0.1436567162254312,0.05999867293760241,0.025654326300628673,0.3809523809523809
670276,0.01818181818181818,0.2,0.0,0.0909090909090909
670541,0.11103010293932974,0.08494509769230126,0.015392816549567815,0.3548387096774194
670623,0.06000023849460227,0.08292185314984091,0.08450080889078686,0.1739130434782608
670764,0.09170006799524613,0.055929912728577114,0.013067577358046862,0.4
670770,0.09428600019569701,0.044196187074188834,0.009428075890193163,0.3333333333333333
671056,0.11137355431597673,0.08801848483459834,0.016899178158594146,0.2307692307692307
671083,0.1568827160493827,0.08088319088319088,0.005555555555555553,1.0
671213,0.11353516123581026,0.09766639815099702,0.034220575022461806,0.5
671218,0.10464757354879578,0.10542106554424599,0.01495974481443089,0.2727272727272727
671221,0.143093825318326,0.04380634217876116,0.007783513515840738,0.3333333333333333
671277,0.17033793955320525,0.09537673428633534,0.02002214541606992,1.0
671284,0.20127663437237742,0.05026028203198327,0.009946323134728928,1.0
671286,0.13326445480178128,0.11794102938029105,0.05848517146289059,0.5
671289,0.04545560592704342,0.07358888514059878,0.014833891140837142,0.1318181818181818
671732,0.1888950729547395,0.06605957041392177,0.01618396230069351,1.0
671739,0.16348042294719628,0.0936644742844438,0.026711098271543932,0.4
671976,0.2904040404040404,0.05176767676767677,0.0,1.0
672012,0.08970588235294116,0.1388888888888889,0.013888888888888888,0.3333333333333333
672016,0.16737599234341538,0.0883514511160392,0.018593215118609206,0.5
672275,0.14445001206777838,0.11438953278631872,0.014773589965128096,0.5
672279,0.14921497584541063,0.05277777777777778,0.0,1.0
672284,0.16578383069474928,0.0327854444600113,0.006981740064446828,0.5714285714285714
672356,0.24516277750984303,0.06907404941027588,0.019598512989818836,0.40625
672359,0.048881673881673866,0.12301587301587301,0.0,0.1666666666666666
672386,0.06204964223090444,0.09522951569237752,0.0148098415499943,0.1724137931034483
672515,0.09965321692618079,0.09161748519735452,0.014239259587567703,0.5
672569,0.10378070179516702,0.042887478629166594,0.006439675461414583,0.4285714285714285
672580,0.06111437840800923,0.12276261388903247,0.03458484701530599,0.25
672640,0.10519585539518002,0.07495319189327061,0.01689757377947624,0.3333333333333333
672695,0.03918412007900345,0.0707303048112926,0.022184271965245802,0.1
672724,0.18451185385504848,0.08263325199463437,0.014044981654761684,0.3636363636363636
672744,0.2340140966308982,0.061999218660522604,0.01126417838543253,0.6
672761,0.1263348225745034,0.11197352845491064,0.01917623624207831,1.0
672820,0.11286117775097466,0.09319812063358103,0.031548980355791956,0.2857142857142857
673237,0.17466300558584086,0.08267858727022091,0.020375066161770136,0.5
673357,0.13918791902208622,0.0875757128424264,0.0164637009616241,0.2941176470588235
673490,0.068016783034544,0.10647508289752372,0.008411130575797138,0.375
673548,0.06895463171913545,0.07127138532178016,0.0231971143748677,0.2142857142857142
673962,0.12103991580647395,0.11161632005802255,0.023293976027299657,0.238095238095238
674441,0.0875,0.025,0.0,0.3333333333333333
675659,0.4444444444444444,0.1111111111111111,0.0,0.5
675915,0.27777777777777773,0.0,0.0,0.5
676059,0.13553585630018428,0.1365939423887252,0.03121009723159704,0.4
676070,0.06605239587998207,0.05035151255541059,0.011111111111111106,0.375
676116,0.15955543642831418,0.027752493862956504,0.00390625,0.6
676356,0.13480740487964427,0.08053678411435548,0.0163776011729228,1.0
676391,0.08362674553705562,0.11058489639189352,0.029720323395671645,0.4
676439,0.15833635911524127,0.05407548922091857,0.0048641340192586684,0.5
676466,0.0824561403508772,0.05897435897435897,0.02136752136752136,0.3333333333333333
676475,0.08832339682513729,0.08386516529226917,0.01915417201497272,0.2857142857142857
676480,0.11415955045986004,0.027111046847888943,0.00971177944862155,0.5
676551,0.2111111111111111,0.06666666666666667,0.0,0.3333333333333333
676572,0.11989370679261353,0.0817844922755471,0.01830987811641854,0.3333333333333333
676609,0.09170500595781941,0.04296665553454993,0.01211981856890736,0.3333333333333333
676679,0.18715449905502834,0.13459481317865415,0.02573099415204678,0.5
676694,0.08074550661954112,0.09572177809736983,0.008844603951866174,0.2857142857142857
676701,0.13447547076579333,0.11474505184182603,0.004962779156327538,0.4285714285714285
676724,0.13752197718432238,0.0662343829308806,0.02151033359914938,0.3636363636363636
676801,0.20616570790472333,0.04880342791109013,0.008727661038055976,0.5
676812,0.18441350024858427,0.0668780769883711,0.0,0.75
676914,0.08217262897555223,0.11512387952393045,0.0665665979087022,0.2
677008,0.16161816825894915,0.11483626675634338,0.014833190152411179,0.6666666666666666
677060,0.13814814814814813,0.11555555555555556,0.0,0.5
677347,0.2497879010076092,0.06445374996979997,0.007269403283632605,0.6
677587,0.11241471460733743,0.060462771926367606,0.017524438530938873,0.3103448275862069
677588,0.08395832099802948,0.0613968881117108,0.03853912535114788,0.25
677594,0.18749388459872401,0.10003181377447284,0.029576793321237322,0.6
677595,0.1544352894755341,0.07240642927081675,0.015712990964540405,0.4285714285714285
677649,0.09668919437814721,0.0680307820398384,0.01823426663082041,0.2857142857142857
677800,0.11443748395217168,0.12010862392707855,0.021553330507837608,0.3461538461538461
677870,0.07538095238095238,0.08800857771446005,0.0039215686274509795,0.6
677941,0.2619047619047619,0.38095238095238093,0.0,0.5
677942,0.10711608355312854,0.0560644042225467,0.026866820408528152,0.2463768115942029
677950,0.13131827358444856,0.08562384348964203,0.01367120627388049,0.3846153846153846
677951,0.08186057066834812,0.11176142334102662,0.046697670118946794,0.25
677956,0.22309990189022447,0.06243599590373783,0.03992831541218637,0.5
678009,0.12915831250847973,0.030803735941795685,0.006316087754423532,0.5
678011,0.08135463399363453,0.037124521626677655,0.004166666666666662,0.4
678225,0.3180991627420199,0.04591836734693877,0.0,1.0
678246,0.06770799551616512,0.08144193681942277,0.02161378066996176,0.1428571428571428
678391,0.09199190920208239,0.06820695189590491,0.03996983408748115,0.3076923076923077
678489,0.19354379849477887,0.06981631143395847,0.005745799275211039,1.0
678554,0.08594615696933335,0.06031561256768002,0.01285521695210689,0.2058823529411764
678662,0.244992086787709,0.09173672092000401,0.028143974704190253,1.0
678877,0.1561157329589313,0.09498517147515519,0.01327338597075438,0.4126984126984127
678882,0.16870863363994296,0.11675910064778071,0.023708527749698796,0.2857142857142857
678894,0.15233532357990417,0.0509684704346462,0.009055161984655521,0.5
679032,0.08829841393434139,0.1256753165273491,0.07435621981651053,0.2962962962962963
679529,0.11144603514286516,0.07611143354630377,0.018537984215068134,0.25
679631,0.0,0.3333333333333333,0.0,0.0
679822,0.0303030303030303,0.12878787878787878,0.08333333333333333,0.1818181818181818
679845,0.09801266721429486,0.08822331985253123,0.016985861927545486,0.2777777777777778
680118,0.05208333333333333,0.0,0.0625,0.25
680474,0.082450345717865,0.0693907546397674,0.005076447098607758,0.2424242424242424
680574,0.12264081893234627,0.07762932869765893,0.019861149940105814,0.3333333333333333
680577,0.08079281194269752,0.04467498875393611,0.01518218623481781,0.45
680700,0.10544966989985785,0.11806586270871984,0.014469954648526075,0.5
680716,0.03571428571428571,0.181547619047619,0.0,0.2857142857142857
680718,0.16322937078122352,0.11176800603917694,0.027136196730793115,1.0
680728,0.12140763870950061,0.04260881868512504,0.008412602223543713,0.3846153846153846
680737,0.10576411033067376,0.07417398133342402,0.029263295613914796,0.282051282051282
680757,0.05573072970590788,0.08946422539799223,0.008908242266705965,0.5
680769,0.17,0.03111111111111111,0.0,0.4
680776,0.10583979625877823,0.09521811115017643,0.022796997096816936,0.25
680777,0.08690800021670508,0.05724827159108486,0.011346435736860292,0.25
680779,0.12331717180477901,0.08064120018023549,0.0064030900084151,0.282051282051282
680837,0.12519401643042946,0.0932470005839571,0.042078754578754575,0.5
680862,0.1461377957123279,0.06553641317538991,0.02119639223328155,1.0
680869,0.23708200011794764,0.07722558796916665,0.00969404186795491,0.75
680911,0.01851851851851851,0.011574074074074073,0.0,0.1666666666666666
680977,0.06376355813776448,0.08478270695540044,0.01995196448786441,0.1607142857142857
681082,0.053852663078701415,0.06746941992387774,0.00818749691345819,0.2105263157894736
681146,0.1027168925715437,0.026392464997116144,0.0018384663733500902,0.5
681297,0.13694909714344747,0.0582491880936983,0.02103977441853182,0.3571428571428571
681351,0.1574729587282761,0.11196378616568212,0.017610050365888766,0.4285714285714285
681393,0.16789379337870727,0.04822102851966488,0.01764062465800546,0.4285714285714285
681460,0.11905002806560089,0.11037678296691282,0.01667372862309156,1.0
681481,0.11715705802010208,0.10059826698076846,0.019932763990552126,0.2115384615384615
681508,0.07031878634974434,0.05575890539014378,0.004055039183524688,0.1875
681546,0.24112837731919443,0.03579516893296916,0.0138544917390686,1.0
681584,0.1341780376868096,0.06350877192982457,0.013333333333333334,1.0
681624,0.11412950394754033,0.08167873991070136,0.024992078173069608,0.25
681715,0.12969114553153305,0.07874748701510652,0.028567330726904788,0.25
681807,0.1608583089031202,0.07530279669071711,0.012556961120640354,0.3333333333333333
681962,0.09459976126642791,0.07146322146322143,0.030555555555555558,0.2857142857142857
681987,0.0808778709312666,0.07763618075387191,0.008184120751968588,0.2
682177,0.2317659240556277,0.04055241893751288,0.013399820117986832,1.0
682183,0.05813492063492063,0.03611111111111111,0.0,0.3333333333333333
682515,0.04444444444444444,0.02222222222222222,0.0,0.1111111111111111
682622,0.117652442554732,0.08406417068208817,0.033384237096993154,0.2692307692307692
682626,0.1274161452662903,0.09191747656198913,0.019470642250999766,0.2857142857142857
682641,0.12581183404616092,0.10090555861523526,0.018083442185609346,0.4
682653,0.11993386938074801,0.10090174181987463,0.021931290650831835,0.6666666666666666
682657,0.12542678898821075,0.07070073507704076,0.014920541543104595,0.3333333333333333
682663,0.1277716957894692,0.12008722966479557,0.03197983537957875,0.3333333333333333
682668,0.09326280946152457,0.09892540179717554,0.010062539956527294,0.2727272727272727
682729,0.10480495595910867,0.06246150820133988,0.005109997215260368,0.2285714285714285
682829,0.152388713377445,0.062775590152241,0.013546053624858648,0.5
682848,0.16024824658545586,0.14606692967884827,0.03645833333333333,0.6666666666666666
682927,0.05479458812792145,0.06429496429496427,0.008016674683341345,0.3333333333333333
682928,0.16624805084302155,0.07728724158441386,0.02055933396954044,0.7142857142857143
682985,0.16507043340019376,0.13403820949111142,0.019026241277409504,0.4444444444444444
682988,0.15225835692828885,0.07774108019728825,0.01470588235294117,0.375
682997,0.016666666666666666,0.25555555555555554,0.0,0.1
682998,0.09734003009408315,0.11090814858906631,0.028225149417630768,0.2
683002,0.15085334653948929,0.1137320827389334,0.04167626954472858,1.0
683004,0.5,0.0,0.0,1.0
683011,0.09981999030678616,0.06258001307180727,0.017446892762890503,0.217391304347826
683021,0.07666666666666666,0.09441520467836256,0.0,1.0
683083,0.0931683891401149,0.04770931041690549,0.005096835217317139,0.2727272727272727
683090,0.17936114147955035,0.12713561877530422,0.013213502586768067,0.5454545454545454
683146,0.07465057456394444,0.07518782392084439,0.011770931440920104,0.2222222222222222
683227,0.048353668208770184,0.07289725255752154,0.008742263726458525,0.4166666666666667
683734,0.08169583795705061,0.08891980762320863,0.019434155713032218,0.25
683737,0.12021162812474506,0.0813038612259967,0.03268437142631693,0.3
683748,0.07456922162804513,0.06778881249469483,0.022251082251082247,0.25
683766,0.16132750500243556,0.09640540529038247,0.009221808305866669,0.3333333333333333
683770,0.1562691205097525,0.07544543936900078,0.0006666666666666666,0.4117647058823529
685301,0.1697409851621808,0.06358210403726706,0.012613224637681157,0.6666666666666666
685744,0.02,0.0,0.0,0.1
686217,0.057018349275875756,0.056161822425295,0.009081797933046776,0.25
686452,0.09258890591169497,0.04080940596622384,0.012469324994563914,0.4
686469,0.11125213267052636,0.16094151300479476,0.018183842905577518,0.3333333333333333
686475,0.16478835978835976,0.11906084656084655,0.008796296296296295,0.5
686527,0.11075407473902467,0.09188502756822356,0.018366639473983173,0.2916666666666667
686554,0.06941520467836257,0.0665506189716716,0.06933333333333333,0.2
686555,0.09608246654163823,0.06716510190149233,0.024885499458223284,0.4
686611,0.1301436804056849,0.07997316168359227,0.021013102153594154,0.3
686668,0.12995648647186236,0.07926281978362258,0.01452493930479809,0.3684210526315789
686676,0.15252100840336133,0.04682964094728798,0.02285459638400814,0.6666666666666666
686681,0.12757434330367717,0.08659937296613845,0.015988437343228367,0.5
686765,0.08536839452537126,0.044382558431596025,0.015328293246669886,0.5
686780,0.16433991550842714,0.07690516647826813,0.026430911062001766,0.5
686797,0.10548947501357514,0.08366654800810445,0.009190828949874818,0.2524271844660194
686823,0.1388888888888889,0.03262786596119929,0.0,0.5
686948,0.09246034450816945,0.11176459636536576,0.026461822835704682,0.3
687221,0.11967748224211183,0.07874371813722358,0.041482371794871783,0.3333333333333333
687231,0.08301818122233114,0.05869246177321944,0.012250330511560154,0.1818181818181818
687263,0.16681043215222696,0.06615542592024212,0.01853741687084087,0.3333333333333333
687363,0.11342583969302054,0.05006088519390272,0.01383281355718682,0.2162162162162162
687401,0.08756262166980541,0.09831782068620322,0.008033484091519764,0.5
687462,0.08334405834058486,0.08044374515198585,0.02068819668346987,0.2580645161290322
687515,0.2170590747505851,0.12805034486675376,0.02080909825199444,0.4210526315789473
687529,0.1397596036300355,0.04473975636766334,0.008928571428571428,0.4
687551,0.10533254512964903,0.10354179196131787,0.05099747086728764,0.2857142857142857
687597,0.15484217429703648,0.059269363876582555,0.020780599731203293,0.5714285714285714
687859,0.1371655449030089,0.10049765351045457,0.023325339004781502,0.375
687952,0.1426107913790907,0.10869351083176881,0.034301272204497996,0.75
687957,0.10744305722243148,0.04854864508075924,0.017866877646092624,0.3125
688363,0.10894430062809994,0.06546840746059494,0.010922736118048594,0.4
688760,0.18113163483392253,0.05525014499480553,0.02617718955268173,1.0
689041,0.00714285714285714,0.15214285714285714,0.02,0.0714285714285714
689172,0.0850463348067399,0.14754909946699146,0.014487374148769347,0.5
689200,0.12804006256974335,0.06199309269162209,0.0015625,0.3333333333333333
689414,0.03842186450618431,0.048659209066808845,0.01890470433789886,0.1403508771929824
690022,0.21785183933205202,0.039489439025455854,0.013639438984666876,1.0
690291,0.0674480964346308,0.060198424301897,0.0,0.2727272727272727
690924,0.11381790192691756,0.05816530190373967,0.007909804032356783,0.4285714285714285
690976,0.15874330096879344,0.042023806313893415,0.009369588566668856,0.5
690987,0.17715942254665804,0.04289882313426155,0.0102180175213883,0.5
690993,0.09401123578859746,0.08149933627438333,0.010933119775433917,0.2
691016,0.1259037030039148,0.09146197878093612,0.02190998968966829,0.2857142857142857
691019,0.1103022791005768,0.03770941121431316,0.008922399118477538,0.2
691023,0.21401123356460436,0.08325937402012848,0.015838364400883837,0.6
691026,0.10435272727368838,0.06932924199601713,0.010926735872298013,0.5
691176,0.1391801782549399,0.11674965658586328,0.021516550490786362,0.2857142857142857
691182,0.09710059333195248,0.050248523356134,0.00722507602063311,0.3333333333333333
691406,0.12623930935773528,0.13008222857010515,0.0354836912530223,0.24
691594,0.05232809350693637,0.10980309485687718,0.019529247425205936,0.175438596491228
691718,0.15008885288018764,0.081541262080905,0.02961419020877402,0.3333333333333333
691720,0.10575124754668795,0.0585019868558723,0.013312356531796257,0.25
691723,0.10922793655303645,0.08429274533418389,0.046776869343525276,0.2222222222222222
691728,0.13503944203944201,0.04297354497354497,0.014814814814814814,0.4285714285714285
691777,0.14521294462099207,0.059400665675642825,0.0078151478356578,0.3333333333333333
691781,0.17034845025235132,0.10258313969156686,0.022464890186576665,0.2941176470588235
691783,0.1736607079406268,0.04295995006734837,0.014429677355373935,0.6666666666666666
691785,0.16807538667142918,0.05888633090252867,0.013220865916944333,0.4285714285714285
691907,0.11111111111111109,0.051587301587301584,0.0,0.6666666666666666
692216,0.229075932589655,0.06990200098815505,0.030760721912432714,1.0
692225,0.081921498954451,0.06033131054875116,0.00825749051816103,0.2413793103448276
692585,0.23302473135507248,0.08684475181622976,0.009431871984101694,1.0
693304,0.12327760333656686,0.08145125828369584,0.022073824439489156,0.3076923076923077
693307,0.1024893064371277,0.0907207750269328,0.029160866703849632,0.238095238095238
694192,0.1044619702061849,0.2120102211940973,0.07527605997520984,0.2333333333333333
694208,0.17682164326901167,0.035062554404659656,0.01191050177892282,1.0
694359,0.17165663200145956,0.05296934865900382,0.0,1.0
694362,0.1427625465024045,0.04614135871171874,0.00480552134646962,0.5
694374,0.14485433520548535,0.06793060329957352,0.014766099145822645,0.2531645569620253
694376,0.11771072312190732,0.08189144736842105,0.0078125,0.6666666666666666
694384,0.1857673957115268,0.0548942092506953,0.016271201801803862,1.0
694388,0.1371606201101488,0.07660802173390169,0.011826408885232407,0.4
694497,0.12206973058887169,0.054353379453909334,0.011762036611215674,0.5
694671,0.10540262356493119,0.09404581619408463,0.02225124078321809,0.2264150943396226
694728,0.16838629750863793,0.038337652300418246,0.023552009456264768,0.5
695238,0.13416888116856146,0.06694276442038587,0.007192958008175394,0.3333333333333333
695257,0.09183673469387754,0.16326530612244897,0.0,0.5
695336,0.09677360546495589,0.13742428764656733,0.009907577948663947,0.25
695506,0.15111240793521877,0.11663100288850828,0.02342826569064046,0.5714285714285714
695578,0.152313859875593,0.11913305502595699,0.06837862254141665,0.3333333333333333
695657,0.15998793985486626,0.08160755486966757,0.019401720541214567,0.3571428571428571
695681,0.16962946295528897,0.04548275516756837,0.018990147811298135,0.6666666666666666
695734,0.11653939147015764,0.08921694230914703,0.019394537490576114,0.4
696030,0.08468715369059314,0.05367385169925075,0.009648034398894252,0.5
696100,0.17758559633879134,0.0785254056124337,0.024671085223635845,0.5
696285,0.10479008872437849,0.046901985292855296,0.0060691186689274005,1.0
700242,0.1279965337509776,0.13373777695118394,0.008716573634081343,0.3888888888888889
700250,0.09269820396671194,0.13041415618097763,0.023380635784875425,0.2222222222222222
700337,0.07287709943277237,0.0985430563098013,0.019439406475439968,0.16
700932,0.11721474871590629,0.08548009798170982,0.01950240069701489,0.2857142857142857
701305,0.13827801962546316,0.06040802874726313,0.017651003131763668,0.3333333333333333
701350,0.11480383982426035,0.07892129761376407,0.023383799299755682,0.2727272727272727
701358,0.13221241256286942,0.05273909524711816,0.019333313784674618,0.4
701538,0.14875036855426166,0.13505154138088493,0.06589098248816559,0.3333333333333333
701762,0.17404243100541705,0.09257774351632644,0.028647879794346805,0.4
702176,0.08953106310681934,0.0790404124733434,0.03149786230281586,0.2142857142857142
702284,0.07224533659017873,0.05768322865607765,0.013643364707319031,0.1896551724137931
702332,0.06122816177077825,0.056040906808106375,0.0276108318057391,0.2941176470588235
702358,0.06666666666666667,0.08333333333333333,0.0,0.2
702616,0.13472650596649083,0.07961508011240119,0.02199249308524728,1.0
802415,0.09585098562879817,0.050671445668436975,0.006716646007793715,0.5
805249,0.21262724356108256,0.06545251337828635,0.016984701118392648,0.4
805300,0.08632684609535789,0.09358868305556356,0.04907077667850492,0.375
805367,0.04037406572028997,0.06056673523705841,0.009909229138765161,0.1214574898785425
805373,0.0723851558619697,0.04225319161937284,0.019675022944111893,0.1904761904761904
805779,0.039749658791924866,0.049005413780742364,0.023661563608655428,0.1428571428571428
807712,0.06658464809077794,0.05313957623568506,0.023810218673181737,0.1914893617021276
807713,0.09102085644116606,0.1287282435732927,0.07003969459687165,0.2
807799,0.08763000415760676,0.09981002336921514,0.034941791741254315,0.4
808975,0.1827984065374182,0.037391409940459336,0.025720403705923413,0.6666666666666666
808982,0.07953219051143742,0.06522441988359559,0.021721965420707867,0.2
810938,0.10568679537133117,0.06465956059080663,0.010420830198649525,0.6666666666666666
