pitcher,pitcher_prior_0,pitcher_prior_1,pitcher_prior_2,pitcher_prior_3,pitcher_prior_4,pitcher_prior_5,pitcher_prior_6,pitcher_prior_7,pitcher_prior_8,pitcher_prior_9,pitcher_prior_10
434378,0.45367192862045297,0.004804392587508579,0.25051475634866166,0.08373369938229239,0.060398078242964996,0.0,0.14687714481811942,0.0,0.0,0.0,0.0
445276,0.0,0.1116751269035533,0.0583756345177665,0.0,0.0583756345177665,0.7715736040609137,0.0,0.0,0.0,0.0,0.0
445926,0.0,0.3739130434782609,0.06086956521739131,0.1565217391304348,0.0,0.391304347826087,0.017391304347826087,0.0,0.0,0.0,0.0
448179,0.36024844720496896,0.062111801242236024,0.0,0.006211180124223602,0.062111801242236024,0.15527950310559005,0.35403726708074534,0.0,0.0,0.0,0.0
450203,0.28223410576351754,0.13963161021984552,0.0,0.10160427807486631,0.0,0.08377896613190731,0.3927510398098633,0.0,0.0,0.0,0.0
453286,0.46273291925465837,0.0,0.2593167701863354,0.13664596273291926,0.0,0.009316770186335404,0.13198757763975155,0.0,0.0,0.0,0.0
455119,0.32608695652173914,0.14130434782608695,0.0,0.0,0.018115942028985508,0.34057971014492755,0.0,0.17391304347826086,0.0,0.0,0.0
458677,0.4417989417989418,0.0,0.35978835978835977,0.0,0.0,0.1455026455026455,0.0,0.05291005291005291,0.0,0.0,0.0
471911,0.19298245614035087,0.22169059011164274,0.25199362041467305,0.21850079744816586,0.003189792663476874,0.0,0.11164274322169059,0.0,0.0,0.0,0.0
472610,0.0273224043715847,0.3907103825136612,0.0,0.0,0.33060109289617484,0.0,0.0,0.25136612021857924,0.0,0.0,0.0
476594,0.12244897959183673,0.32653061224489793,0.0,0.061224489795918366,0.10204081632653061,0.3877551020408163,0.0,0.0,0.0,0.0,0.0
477132,0.33945841392649906,0.007736943907156673,0.41295938104448743,0.0,0.0,0.0,0.17891682785299806,0.059961315280464215,0.0,0.0,0.0009671179883945841
489119,0.23684210526315788,0.15263157894736842,0.010526315789473684,0.22631578947368422,0.03684210526315789,0.33157894736842103,0.005263157894736842,0.0,0.0,0.0,0.0
489446,0.5508474576271186,0.0,0.0,0.0,0.0,0.0,0.0,0.4491525423728814,0.0,0.0,0.0
493603,0.25925925925925924,0.3333333333333333,0.0,0.0,0.37037037037037035,0.037037037037037035,0.0,0.0,0.0,0.0,0.0
500743,0.0,0.0,0.0,0.0,0.0,0.0,0.0,0.0,0.0,0.0,1.0
500779,0.11314363143631437,0.44308943089430897,0.0,0.22086720867208673,0.0,0.0,0.13008130081300814,0.0,0.0,0.09281842818428185,0.0
502043,0.09230769230769231,0.36538461538461536,0.011538461538461539,0.13076923076923078,0.19230769230769232,0.09615384615384616,0.11153846153846154,0.0,0.0,0.0,0.0
506433,0.06965174129353234,0.24129353233830847,0.18159203980099503,0.009950248756218905,0.15671641791044777,0.03980099502487562,0.16169154228855723,0.11691542288557213,0.01990049751243781,0.0,0.0024875621890547263
518397,0.0,0.6775956284153005,0.18032786885245902,0.14207650273224043,0.0,0.0,0.0,0.0,0.0,0.0,0.0
518489,0.34615384615384615,0.15865384615384615,0.3557692307692308,0.0,0.0,0.13942307692307693,0.0,0.0,0.0,0.0,0.0
518585,0.1842818428184282,0.14905149051490515,0.06504065040650407,0.0,0.0,0.0,0.0,0.6016260162601627,0.0,0.0,0.0
518876,0.2216024340770791,0.1374239350912779,0.06845841784989858,0.2723123732251521,0.0,0.20689655172413793,0.09330628803245436,0.0,0.0,0.0,0.0
518886,0.5555555555555556,0.0,0.0,0.0,0.3333333333333333,0.1111111111111111,0.0,0.0,0.0,0.0,0.0
519008,0.00819672131147541,0.4918032786885246,0.0,0.13934426229508196,0.36065573770491804,0.0,0.0,0.0,0.0,0.0,0.0
519141,0.7846607669616519,0.0,0.0,0.0,0.0,0.0,0.0,0.0,0.2153392330383481,0.0,0.0
519151,0.3433583959899749,0.14285714285714285,0.20551378446115287,0.07017543859649122,0.0,0.0,0.23809523809523808,0.0,0.0,0.0,0.0
519242,0.42117117117117114,0.03453453453453453,0.49324324324324326,0.05105105105105105,0.0,0.0,0.0,0.0,0.0,0.0,0.0
519326,0.36475409836065575,0.11885245901639344,0.28688524590163933,0.08196721311475409,0.14754098360655737,0.0,0.0,0.0,0.0,0.0,0.0
521230,0.5123456790123457,0.0,0.37037037037037035,0.0,0.0,0.0,0.1111111111111111,0.0,0.0,0.0,0.006172839506172839
527048,0.047619047619047616,0.2,0.0,0.2761904761904762,0.0,0.4,0.0761904761904762,0.0,0.0,0.0,0.0
534910,0.09375,0.53125,0.0,0.0,0.203125,0.0,0.171875,0.0,0.0,0.0,0.0
541640,0.1111111111111111,0.1111111111111111,0.0,0.3333333333333333,0.0,0.4444444444444444,0.0,0.0,0.0,0.0,0.0
542881,0.37188328912466845,0.03978779840848806,0.033421750663129975,0.34535809018567637,0.0,0.20636604774535808,0.003183023872679045,0.0,0.0,0.0,0.0
542888,0.2749003984063745,0.2788844621513944,0.0,0.0,0.21912350597609562,0.2250996015936255,0.0,0.0,0.0,0.00199203187250996,0.0
542932,0.0,0.0,0.0,0.0,0.0,0.0,0.0,0.0,0.0,0.0,1.0
543056,0.17834394904458598,0.16560509554140126,0.0,0.0,0.1942675159235669,0.410828025477707,0.0,0.0,0.050955414012738856,0.0,0.0
543101,0.15862068965517243,0.18850574712643678,0.2413793103448276,0.0,0.0022988505747126436,0.0,0.0,0.17701149425287357,0.23218390804597702,0.0,0.0
543135,0.21305841924398625,0.05085910652920962,0.013745704467353952,0.0,0.0,0.2013745704467354,0.2006872852233677,0.32027491408934705,0.0,0.0,0.0
543243,0.20349854227405248,0.19591836734693877,0.02040816326530612,0.07988338192419825,0.2064139941690962,0.11428571428571428,0.17900874635568514,0.0,0.0,0.0,0.0005830903790087463
543294,0.14564290067032298,0.3772090188909202,0.0,0.39000609384521634,0.0,0.0,0.08714198659354053,0.0,0.0,0.0,0.0
543391,0.5714285714285714,0.14285714285714285,0.07142857142857142,0.21428571428571427,0.0,0.0,0.0,0.0,0.0,0.0,0.0
543518,0.3627450980392157,0.00980392156862745,0.2647058823529412,0.0,0.0,0.0,0.0,0.3627450980392157,0.0,0.0,0.0
543592,0.0,0.0,0.0,0.0,0.0,0.0,0.0,0.0,0.0,0.0,1.0
543859,0.5735294117647058,0.1323529411764706,0.29411764705882354,0.0,0.0,0.0,0.0,0.0,0.0,0.0,0.0
547001,0.031746031746031744,0.31746031746031744,0.3492063492063492,0.20634920634920634,0.06349206349206349,0.0,0.031746031746031744,0.0,0.0,0.0,0.0
547179,0.2294543063773833,0.14990138067061143,0.11374095989480605,0.1893491124260355,0.07429322813938198,0.10979618671926364,0.1334648257725181,0.0,0.0,0.0,0.0
547184,0.3173913043478261,0.034782608695652174,0.08695652173913043,0.008695652173913044,0.5521739130434783,0.0,0.0,0.0,0.0,0.0,0.0
547973,0.35609756097560974,0.35609756097560974,0.14634146341463414,0.0,0.0,0.0,0.0,0.14146341463414633,0.0,0.0,0.0
548384,0.0,0.18309859154929578,0.0,0.19718309859154928,0.3380281690140845,0.28169014084507044,0.0,0.0,0.0,0.0,0.0
552640,0.1355421686746988,0.3463855421686747,0.5030120481927711,0.0,0.0,0.0,0.0,0.015060240963855422,0.0,0.0,0.0
554340,0.42727272727272725,0.15,0.00909090909090909,0.05909090909090909,0.19090909090909092,0.0,0.16363636363636364,0.0,0.0,0.0,0.0
554430,0.3981113320079523,0.18588469184890655,0.0,0.0,0.15009940357852883,0.08349900596421471,0.09542743538767395,0.08697813121272366,0.0,0.0,0.0
554431,0.5978260869565217,0.09782608695652174,0.30434782608695654,0.0,0.0,0.0,0.0,0.0,0.0,0.0,0.0
570632,0.11145510835913312,0.34055727554179566,0.23839009287925697,0.29721362229102166,0.0,0.0,0.0,0.01238390092879257,0.0,0.0,0.0
571466,0.0,0.0,0.0,0.0,0.0,0.0,0.0,0.0,0.0,0.0,1.0
571510,0.4471413160733549,0.036138079827400214,0.15102481121898598,0.24163969795037757,0.0,0.0,0.12405609492988134,0.0,0.0,0.0,0.0
571578,0.031828703703703706,0.3125,0.3576388888888889,0.07349537037037036,0.0,0.2193287037037037,0.005208333333333333,0.0,0.0,0.0,0.0
571657,0.0,0.0,0.0,0.0,0.0,0.0,0.0,0.0,0.0,0.0,1.0
571760,0.4264705882352941,0.11470588235294117,0.15823529411764706,0.18235294117647058,0.0,0.0,0.06,0.0,0.0,0.0,0.05823529411764706
571771,0.0,0.0,0.0,0.0,0.0,0.0,0.0,0.0,0.0,0.0,1.0
571927,0.0,0.5835694050991501,0.024079320113314446,0.18696883852691218,0.0,0.0,0.20396600566572237,0.0,0.0,0.0,0.00141643059490085
571945,0.270595690747782,0.1634980988593156,0.229404309252218,0.11787072243346007,0.038656527249683145,0.0,0.17553865652724968,0.0,0.0,0.0,0.004435994930291508
571946,0.6403508771929824,0.0,0.008771929824561403,0.0,0.0847953216374269,0.0,0.0,0.26608187134502925,0.0,0.0,0.0
571948,0.1326530612244898,0.32142857142857145,0.0,0.1921768707482993,0.35374149659863946,0.0,0.0,0.0,0.0,0.0,0.0
572955,0.2772727272727273,0.0,0.0,0.0,0.0,0.056818181818181816,0.6659090909090909,0.0,0.0,0.0,0.0
573009,0.007575757575757576,0.42424242424242425,0.0,0.22727272727272727,0.0,0.0,0.3409090909090909,0.0,0.0,0.0,0.0
573124,0.0,0.5158150851581509,0.0,0.0,0.48418491484184917,0.0,0.0,0.0,0.0,0.0,0.0
573186,0.048027444253859346,0.3584905660377358,0.05317324185248713,0.0,0.0,0.1783876500857633,0.05660377358490566,0.11663807890222985,0.0,0.18867924528301888,0.0
573204,0.4473684210526316,0.0,0.0935672514619883,0.0,0.15497076023391812,0.0,0.30409356725146197,0.0,0.0,0.0,0.0
573262,0.0,0.0,0.0,0.0,0.0,0.0,0.0625,0.0,0.0,0.0,0.9375
579328,0.34926644581164223,0.008045433033601515,0.3502129673450071,0.12920018930430668,0.002839564600094652,0.0,0.16043539990534786,0.0,0.0,0.0,0.0
592094,0.19001610305958133,0.0,0.34782608695652173,0.3719806763285024,0.08856682769726248,0.001610305958132045,0.0,0.0,0.0,0.0,0.0
592155,0.509090909090909,0.0,0.0,0.03636363636363636,0.26181818181818184,0.19272727272727272,0.0,0.0,0.0,0.0,0.0
592332,0.5318825910931174,0.0010121457489878543,0.08451417004048584,0.0,0.0,0.0,0.0,0.3825910931174089,0.0,0.0,0.0
592351,0.45,0.0,0.4166666666666667,0.1,0.0,0.0,0.03333333333333333,0.0,0.0,0.0,0.0
592426,0.3108108108108108,0.0,0.5162162162162162,0.0,0.0,0.016216216216216217,0.15675675675675677,0.0,0.0,0.0,0.0
592454,0.14717741935483872,0.0,0.006048387096774193,0.8467741935483871,0.0,0.0,0.0,0.0,0.0,0.0,0.0
592662,0.48861480075901326,0.0,0.2310246679316888,0.14089184060721063,0.0056925996204933585,0.0,0.0,0.0,0.13377609108159394,0.0,0.0
592773,0.5686653771760155,0.0,0.2127659574468085,0.0,0.0735009671179884,0.0,0.0,0.1450676982591876,0.0,0.0,0.0
592779,0.5181347150259067,0.11139896373056994,0.0,0.13212435233160622,0.14766839378238342,0.09067357512953368,0.0,0.0,0.0,0.0,0.0
592791,0.3623405851462866,0.07426856714178545,0.0,0.10652663165791448,0.1800450112528132,0.13578394598649662,0.14103525881470366,0.0,0.0,0.0,0.0
592836,0.09523809523809523,0.1946532999164578,0.1361737677527151,0.0,0.0,0.3032581453634085,0.06432748538011696,0.20634920634920634,0.0,0.0,0.0
592866,0.4115920763022744,0.08363903154805576,0.08584005869405723,0.13279530447542187,0.28613352898019073,0.0,0.0,0.0,0.0,0.0,0.0
593423,0.27827648114901254,0.1615798922800718,0.1490125673249551,0.0,0.11310592459605028,0.09515260323159784,0.0,0.20287253141831238,0.0,0.0,0.0
593576,0.39143730886850153,0.08868501529051988,0.03363914373088685,0.07033639143730887,0.0,0.0,0.0,0.41590214067278286,0.0,0.0,0.0
593833,0.0,0.0,0.0,0.18055555555555555,0.0,0.8194444444444444,0.0,0.0,0.0,0.0,0.0
593958,0.43432343234323434,0.09438943894389439,0.056105610561056105,0.1966996699669967,0.0,0.19735973597359735,0.021122112211221122,0.0,0.0,0.0,0.0
593974,0.04136690647482014,0.42985611510791366,0.15827338129496402,0.37050359712230213,0.0,0.0,0.0,0.0,0.0,0.0,0.0
594580,0.23484848484848486,0.21212121212121213,0.0,0.12878787878787878,0.42424242424242425,0.0,0.0,0.0,0.0,0.0,0.0
594798,0.4598961338718984,0.0,0.3848817080207732,0.11194460473167916,0.0,0.0,0.04327755337564916,0.0,0.0,0.0,0.0
594902,0.32516339869281047,0.24673202614379086,0.08496732026143791,0.08333333333333333,0.12254901960784313,0.0784313725490196,0.058823529411764705,0.0,0.0,0.0,0.0
595014,0.13333333333333333,0.275,0.0,0.0,0.48333333333333334,0.10833333333333334,0.0,0.0,0.0,0.0,0.0
595345,0.4218106995884774,0.0,0.5637860082304527,0.00205761316872428,0.0,0.0102880658436214,0.0,0.0,0.0,0.0,0.00205761316872428
595897,0.2222222222222222,0.38095238095238093,0.36507936507936506,0.031746031746031744,0.0,0.0,0.0,0.0,0.0,0.0,0.0
595928,0.5112359550561798,0.0,0.1797752808988764,0.02247191011235955,0.0,0.28651685393258425,0.0,0.0,0.0,0.0,0.0
595978,0.0,0.0,0.0,0.0,0.0,0.0,0.0,0.0,0.0,0.0,1.0
596001,0.059369202226345084,0.3098330241187384,0.0,0.19294990723562153,0.437847866419295,0.0,0.0,0.0,0.0,0.0,0.0
596112,0.14285714285714285,0.0,0.0,0.0,0.0,0.8571428571428571,0.0,0.0,0.0,0.0,0.0
596133,0.5865800865800865,0.0,0.021645021645021644,0.3203463203463203,0.0,0.07142857142857142,0.0,0.0,0.0,0.0,0.0
596142,0.0,0.0,0.0,0.0,0.0,0.0,0.0,0.0,0.0,0.0,1.0
596271,0.06910569105691057,0.3780487804878049,0.052845528455284556,0.22357723577235772,0.25203252032520324,0.016260162601626018,0.008130081300813009,0.0,0.0,0.0,0.0
596295,0.3244613434727503,0.0,0.15082382762991128,0.17363751584283904,0.0,0.03929024081115336,0.0,0.05576679340937896,0.25602027883396705,0.0,0.0
600917,0.3387096774193548,0.12096774193548387,0.21774193548387097,0.1532258064516129,0.0,0.14516129032258066,0.024193548387096774,0.0,0.0,0.0,0.0
601713,0.47096430474160894,0.021310602024507193,0.004794885455514118,0.0,0.19392647842301544,0.07831646244006393,0.22855620671283963,0.002131060202450719,0.0,0.0,0.0
605130,0.2178060413354531,0.13990461049284578,0.20508744038155802,0.0,0.2559618441971383,0.0,0.178060413354531,0.0,0.0,0.0,0.003179650238473768
605135,0.08099523557437797,0.41026998411858123,0.021175224986765485,0.026998411858125994,0.0513499205929063,0.18951826363155108,0.17522498676548437,0.04446797247220752,0.0,0.0,0.0
605154,0.5163636363636364,0.0,0.3927272727272727,0.08,0.0,0.0,0.01090909090909091,0.0,0.0,0.0,0.0
605177,0.16129032258064516,0.41935483870967744,0.40860215053763443,0.010752688172043012,0.0,0.0,0.0,0.0,0.0,0.0,0.0
605182,0.41818181818181815,0.05454545454545454,0.0,0.2545454545454545,0.2,0.07272727272727272,0.0,0.0,0.0,0.0,0.0
605218,0.4594594594594595,0.0,0.0,0.24324324324324326,0.0,0.0,0.2972972972972973,0.0,0.0,0.0,0.0
605242,0.21333333333333335,0.12,0.0,0.09333333333333334,0.04,0.4266666666666667,0.10666666666666667,0.0,0.0,0.0,0.0
605280,0.06713589604764483,0.37087168381158636,0.12344342176502436,0.15538711423930698,0.1938278289117488,0.08933405522468868,0.0,0.0,0.0,0.0,0.0
605288,0.13662790697674418,0.4573643410852713,0.0998062015503876,0.14534883720930233,0.0,0.0,0.16085271317829458,0.0,0.0,0.0,0.0
605347,0.26356589147286824,0.2596899224806202,0.1744186046511628,0.10077519379844961,0.0,0.0,0.0,0.0,0.19767441860465115,0.0,0.003875968992248062
605400,0.22527472527472528,0.22252747252747251,0.0,0.14697802197802198,0.0,0.10989010989010989,0.0,0.0,0.29532967032967034,0.0,0.0
605447,0.3665768194070081,0.0,0.633423180592992,0.0,0.0,0.0,0.0,0.0,0.0,0.0,0.0
605452,0.37132987910189985,0.3005181347150259,0.21243523316062177,0.06563039723661486,0.0,0.0,0.05008635578583765,0.0,0.0,0.0,0.0
605463,0.48128342245989303,0.0106951871657754,0.06149732620320856,0.0,0.14705882352941177,0.0,0.0,0.2994652406417112,0.0,0.0,0.0
605483,0.48717948717948717,0.0,0.12179487179487179,0.1987179487179487,0.0,0.0,0.19230769230769232,0.0,0.0,0.0,0.0
605488,0.4071246819338422,0.0,0.23155216284987276,0.26055979643765903,0.04885496183206107,0.051908396946564885,0.0,0.0,0.0,0.0,0.0
605507,0.4,0.06,0.0,0.16,0.0,0.22,0.16,0.0,0.0,0.0,0.0
605513,0.36363636363636365,0.06363636363636363,0.07272727272727272,0.12727272727272726,0.20909090909090908,0.0,0.16363636363636364,0.0,0.0,0.0,0.0
605540,0.29362880886426596,0.3157894736842105,0.0,0.18005540166204986,0.019390581717451522,0.13850415512465375,0.05263157894736842,0.0,0.0,0.0,0.0
606160,0.39332096474953615,0.03896103896103896,0.07235621521335807,0.0,0.0,0.0,0.0,0.49536178107606677,0.0,0.0,0.0
606303,0.34911242603550297,0.15384615384615385,0.0,0.011834319526627219,0.48520710059171596,0.0,0.0,0.0,0.0,0.0,0.0
606930,0.2876712328767123,0.0,0.0,0.0,0.0,0.6438356164383562,0.0,0.0684931506849315,0.0,0.0,0.0
606965,0.22448979591836735,0.0,0.006802721088435374,0.3877551020408163,0.20408163265306123,0.17687074829931973,0.0,0.0,0.0,0.0,0.0
606996,0.1565934065934066,0.18406593406593408,0.10164835164835165,0.17307692307692307,0.37362637362637363,0.0,0.0,0.01098901098901099,0.0,0.0,0.0
607067,0.4228641671788568,0.08850645359557467,0.107559926244622,0.12476951444376153,0.09342347879532882,0.06637984019668101,0.0958819913952059,0.0,0.0,0.0,0.0006146281499692685
607074,0.4129821260583255,0.09172154280338664,0.30103480714957664,0.15004703668861713,0.0,0.0023518344308560675,0.04186265286923801,0.0,0.0,0.0,0.0
607179,0.6470588235294118,0.0,0.2647058823529412,0.0,0.0,0.0,0.0,0.08823529411764706,0.0,0.0,0.0
607192,0.38235294117647056,0.20123839009287925,0.22910216718266255,0.0,0.0,0.0,0.1873065015479876,0.0,0.0,0.0,0.0
607200,0.011487303506650543,0.3512696493349456,0.0,0.10519951632406288,0.2623941958887545,0.26964933494558646,0.0,0.0,0.0,0.0,0.0
607259,0.2116991643454039,0.1626740947075209,0.1181058495821727,0.1966573816155989,0.0,0.20222841225626742,0.10807799442896936,0.0,0.0,0.0,0.0005571030640668524
607455,0.2643884892086331,0.2302158273381295,0.4658273381294964,0.039568345323741004,0.0,0.0,0.0,0.0,0.0,0.0,0.0
607481,0.12666666666666668,0.31166666666666665,0.0,0.0,0.165,0.0016666666666666668,0.395,0.0,0.0,0.0,0.0
607536,0.3027940220922677,0.07537361923326835,0.0,0.07017543859649122,0.142949967511371,0.16114359974009096,0.0,0.0,0.2475633528265107,0.0,0.0
607625,0.19099201824401368,0.14937286202964653,0.06271379703534778,0.09863169897377423,0.022234891676168756,0.12713797035347776,0.18415051311288483,0.0068415051311288486,0.0,0.10148232611174458,0.056442417331812995
607732,0.0,0.0,0.0,0.09523809523809523,0.0,0.0,0.0,0.0,0.0,0.0,0.9047619047619048
608032,0.5200803212851406,0.0,0.3032128514056225,0.17670682730923695,0.0,0.0,0.0,0.0,0.0,0.0,0.0
608331,0.11709486166007906,0.16452569169960474,0.014822134387351778,0.0983201581027668,0.11413043478260869,0.3107707509881423,0.18033596837944665,0.0,0.0,0.0,0.0
608334,0.26046511627906976,0.2372093023255814,0.17209302325581396,0.28837209302325584,0.0,0.0,0.037209302325581395,0.0,0.0,0.0,0.004651162790697674
608337,0.4890613973182781,0.0,0.24629498941425548,0.22512350035285816,0.0,0.0,0.03881439661256175,0.0,0.0,0.0,0.0007057163020465773
608371,0.49122807017543857,0.005847953216374269,0.011695906432748537,0.0,0.4327485380116959,0.017543859649122806,0.04093567251461988,0.0,0.0,0.0,0.0
608372,0.1835518474374255,0.132896305125149,0.0,0.0,0.19904648390941598,0.13170441001191896,0.10965435041716329,0.2431466030989273,0.0,0.0,0.0
608379,0.2528925619834711,0.12727272727272726,0.1278236914600551,0.26611570247933886,0.0,0.14600550964187328,0.07988980716253444,0.0,0.0,0.0,0.0
608566,0.3157152924594785,0.22057787174066243,0.11486962649753348,0.02255109231853418,0.0,0.0,0.0,0.0,0.3262861169837914,0.0,0.0
608650,0.3987538940809969,0.056074766355140186,0.0,0.2866043613707165,0.0,0.19314641744548286,0.06542056074766354,0.0,0.0,0.0,0.0
608665,0.14,0.4,0.2,0.24,0.0,0.0,0.02,0.0,0.0,0.0,0.0
608671,0.0,0.0,0.0,0.0,0.0,0.0,0.25,0.0,0.0,0.0,0.75
608717,0.40816326530612246,0.02040816326530612,0.17006802721088435,0.19387755102040816,0.003401360544217687,0.0,0.20408163265306123,0.0,0.0,0.0,0.0
608718,0.41333333333333333,0.24592592592592594,0.11555555555555555,0.22518518518518518,0.0,0.0,0.0,0.0,0.0,0.0,0.0
612434,0.4533333333333333,0.10666666666666667,0.3466666666666667,0.09333333333333334,0.0,0.0,0.0,0.0,0.0,0.0,0.0
614179,0.4381443298969072,0.12886597938144329,0.0,0.15463917525773196,0.0,0.0,0.27835051546391754,0.0,0.0,0.0,0.0
615698,0.14638906961613532,0.2192582953806116,0.0826284970722186,0.002602472348731295,0.0,0.2283669486011711,0.11776187378009109,0.20169160702667535,0.0,0.0,0.0013012361743656475
620454,0.0759493670886076,0.35443037974683544,0.5569620253164557,0.012658227848101266,0.0,0.0,0.0,0.0,0.0,0.0,0.0
621028,0.0,0.0,0.0,0.0,0.0,0.0,0.0,0.0,0.0,0.0,1.0
621051,0.3264887063655031,0.0,0.0,0.09650924024640657,0.5770020533880903,0.0,0.0,0.0,0.0,0.0,0.0
621053,0.3394919168591224,0.16859122401847576,0.0,0.05542725173210162,0.3117782909930716,0.12471131639722864,0.0,0.0,0.0,0.0,0.0
621057,0.36065573770491804,0.0,0.0,0.0,0.0,0.47540983606557374,0.11475409836065574,0.04918032786885246,0.0,0.0,0.0
621107,0.13516260162601626,0.17784552845528456,0.0,0.1758130081300813,0.14126016260162602,0.2073170731707317,0.16260162601626016,0.0,0.0,0.0,0.0
621111,0.24179292929292928,0.1553030303030303,0.16224747474747475,0.06376262626262626,0.06818181818181818,0.17487373737373738,0.0,0.0,0.13383838383838384,0.0,0.0
621112,0.06006006006006006,0.23123123123123124,0.0,0.1111111111111111,0.22522522522522523,0.22522522522522523,0.14714714714714713,0.0,0.0,0.0,0.0
621114,0.20689655172413793,0.0,0.7931034482758621,0.0,0.0,0.0,0.0,0.0,0.0,0.0,0.0
621121,0.04302325581395349,0.22209302325581395,0.0,0.2,0.3302325581395349,0.05116279069767442,0.0,0.0,0.15348837209302327,0.0,0.0
621139,0.33695652173913043,0.0,0.0,0.0,0.0,0.07608695652173914,0.0,0.5869565217391305,0.0,0.0,0.0
621199,0.03773584905660377,0.4276729559748428,0.0,0.0,0.18553459119496854,0.2610062893081761,0.0,0.0880503144654088,0.0,0.0,0.0
621237,0.018691588785046728,0.6121495327102804,0.0,0.0,0.0,0.32710280373831774,0.04205607476635514,0.0,0.0,0.0,0.0
621242,0.5325443786982249,0.0,0.46548323471400394,0.0019723865877712033,0.0,0.0,0.0,0.0,0.0,0.0,0.0
621244,0.18265086206896552,0.3141163793103448,0.0,0.171875,0.0,0.061422413793103446,0.0,0.0,0.0,0.26939655172413796,0.0005387931034482759
621345,0.3584905660377358,0.0,0.0,0.11320754716981132,0.0,0.5283018867924528,0.0,0.0,0.0,0.0,0.0
621363,0.7352941176470589,0.0,0.2647058823529412,0.0,0.0,0.0,0.0,0.0,0.0,0.0,0.0
621366,0.0,0.2508710801393728,0.40418118466898956,0.0,0.18118466898954705,0.0,0.0,0.16376306620209058,0.0,0.0,0.0
621381,0.3760330578512397,0.17768595041322313,0.30165289256198347,0.006198347107438017,0.0,0.1384297520661157,0.0,0.0,0.0,0.0,0.0
621383,0.22659176029962547,0.12359550561797752,0.33707865168539325,0.09363295880149813,0.21910112359550563,0.0,0.0,0.0,0.0,0.0,0.0
621512,0.0,0.0,0.5,0.0,0.0,0.0,0.5,0.0,0.0,0.0,0.0
622253,0.03225806451612903,0.34408602150537637,0.0,0.2903225806451613,0.3333333333333333,0.0,0.0,0.0,0.0,0.0,0.0
622379,0.44936708860759494,0.1518987341772152,0.0,0.13924050632911392,0.25949367088607594,0.0,0.0,0.0,0.0,0.0,0.0
622491,0.47628174413033064,0.21849544801149975,0.19070436032582655,0.11451844753234308,0.0,0.0,0.0,0.0,0.0,0.0,0.0
622554,0.43520309477756286,0.09864603481624758,0.0,0.0,0.20309477756286268,0.0,0.061895551257253385,0.19922630560928434,0.0,0.0,0.0019342359767891683
622569,0.0,0.0,0.0,0.0,0.0,0.0,0.0,0.0,0.0,0.0,1.0
622608,0.5605599513085818,0.007303712720632989,0.2014607425441266,0.07912355447352404,0.0,0.0012172854534388314,0.1503347534996957,0.0,0.0,0.0,0.0
622663,0.25569259962049334,0.21015180265654648,0.04459203036053131,0.056925996204933584,0.24667931688804554,0.1859582542694497,0.0,0.0,0.0,0.0,0.0
622761,0.0,0.0,0.0,0.0,0.0,0.0,0.0,0.0,0.0,0.0,1.0
622780,0.6346153846153846,0.0,0.3076923076923077,0.057692307692307696,0.0,0.0,0.0,0.0,0.0,0.0,0.0
622786,0.10382513661202186,0.2786885245901639,0.4371584699453552,0.18032786885245902,0.0,0.0,0.0,0.0,0.0,0.0,0.0
623149,0.5633802816901409,0.0,0.0,0.0,0.43661971830985913,0.0,0.0,0.0,0.0,0.0,0.0
623167,0.4154929577464789,0.0,0.09507042253521127,0.014084507042253521,0.0,0.2764084507042254,0.1742957746478873,0.0,0.0,0.02464788732394366,0.0
623168,0.0,0.0,0.0,0.0,0.0,0.0,0.0,0.0,0.0,0.0,1.0
623211,0.13051146384479717,0.32275132275132273,0.04585537918871252,0.4091710758377425,0.0,0.09171075837742504,0.0,0.0,0.0,0.0,0.0
623352,0.0,0.5528756957328386,0.39517625231910947,0.05194805194805195,0.0,0.0,0.0,0.0,0.0,0.0,0.0
623433,0.49333333333333335,0.013333333333333334,0.0,0.18666666666666668,0.0,0.0,0.30666666666666664,0.0,0.0,0.0,0.0
623437,0.0,0.37684210526315787,0.0,0.14736842105263157,0.27789473684210525,0.1957894736842105,0.0,0.0,0.0,0.0,0.002105263157894737
623465,0.2542372881355932,0.1016949152542373,0.0,0.0,0.559322033898305,0.0847457627118644,0.0,0.0,0.0,0.0,0.0
623474,0.07988980716253444,0.26859504132231404,0.27823691460055094,0.06336088154269973,0.3085399449035813,0.0,0.0,0.0,0.0,0.0,0.0013774104683195593
624133,0.13594771241830064,0.2803921568627451,0.013725490196078431,0.23398692810457516,0.0,0.1843137254901961,0.15163398692810456,0.0,0.0,0.0,0.0
624431,0.0,0.0,0.0,0.0,0.0,0.0,0.0,0.0,0.0,0.0,1.0
628317,0.15315315315315314,0.09009009009009009,0.16216216216216217,0.0,0.15315315315315314,0.009009009009009009,0.0,0.4144144144144144,0.0,0.018018018018018018,0.0
628452,0.34660421545667447,0.2224824355971897,0.12646370023419204,0.3044496487119438,0.0,0.0,0.0,0.0,0.0,0.0,0.0
640448,0.6163366336633663,0.0,0.054455445544554455,0.0,0.0,0.0,0.0,0.3292079207920792,0.0,0.0,0.0
640451,0.45569620253164556,0.0,0.25316455696202533,0.0,0.0,0.0,0.06329113924050633,0.22784810126582278,0.0,0.0,0.0
640454,0.0,0.2857142857142857,0.0,0.19642857142857142,0.25,0.26785714285714285,0.0,0.0,0.0,0.0,0.0
640455,0.643646408839779,0.0,0.0,0.06353591160220995,0.292817679558011,0.0,0.0,0.0,0.0,0.0,0.0
640462,0.5806451612903226,0.021505376344086023,0.3978494623655914,0.0,0.0,0.0,0.0,0.0,0.0,0.0,0.0
640902,0.11627906976744186,0.0,0.0,0.0,0.0,0.0,0.0,0.0,0.0,0.0,0.8837209302325582
641154,0.4206896551724138,0.06436781609195402,0.0,0.2160919540229885,0.2,0.0,0.09885057471264368,0.0,0.0,0.0,0.0
641302,0.26744186046511625,0.1839323467230444,0.0,0.15856236786469344,0.19556025369978858,0.1945031712473573,0.0,0.0,0.0,0.0,0.0
641312,0.2822085889570552,0.03067484662576687,0.3067484662576687,0.27607361963190186,0.10429447852760736,0.0,0.0,0.0,0.0,0.0,0.0
641329,0.45081967213114754,0.0,0.26229508196721313,0.28688524590163933,0.0,0.0,0.0,0.0,0.0,0.0,0.0
641343,0.02702702702702703,0.0,0.0,0.0,0.0,0.0,0.0,0.0,0.0,0.0,0.972972972972973
641386,0.5076923076923077,0.0,0.3384615384615385,0.12307692307692308,0.0,0.0,0.03076923076923077,0.0,0.0,0.0,0.0
641401,0.3932038834951456,0.0,0.0,0.4563106796116505,0.0,0.15048543689320387,0.0,0.0,0.0,0.0,0.0
641482,0.3684210526315789,0.0,0.0,0.11842105263157894,0.10526315789473684,0.40789473684210525,0.0,0.0,0.0,0.0,0.0
641540,0.0,0.2701612903225806,0.0967741935483871,0.1693548387096774,0.0,0.42338709677419356,0.0,0.0,0.04032258064516129,0.0,0.0
641656,0.15053763440860216,0.44516129032258067,0.4043010752688172,0.0,0.0,0.0,0.0,0.0,0.0,0.0,0.0
641672,0.12307692307692308,0.23076923076923078,0.18461538461538463,0.0,0.16923076923076924,0.2923076923076923,0.0,0.0,0.0,0.0,0.0
641745,0.4319852941176471,0.12683823529411764,0.18198529411764705,0.12316176470588236,0.13602941176470587,0.0,0.0,0.0,0.0,0.0,0.0
641755,0.23956723338485317,0.0,0.6275115919629057,0.010819165378670788,0.0,0.0,0.12210200927357033,0.0,0.0,0.0,0.0
641778,0.43859649122807015,0.0008771929824561404,0.10701754385964912,0.08859649122807017,0.0,0.22280701754385965,0.14210526315789473,0.0,0.0,0.0,0.0
641793,0.22844590884129598,0.1515650741350906,0.2954420647995607,0.0,0.043931905546403076,0.0,0.0,0.28061504667764964,0.0,0.0,0.0
641816,0.4770063119927863,0.0,0.11361587015329125,0.0,0.0,0.12894499549143373,0.0,0.28043282236248873,0.0,0.0,0.0
641835,0.05154639175257732,0.6494845360824743,0.29896907216494845,0.0,0.0,0.0,0.0,0.0,0.0,0.0,0.0
641927,0.3696113074204947,0.029681978798586573,0.17879858657243816,0.2833922261484099,0.1010600706713781,0.0,0.03745583038869258,0.0,0.0,0.0,0.0
641941,0.6012024048096193,0.0,0.0,0.0,0.0,0.18036072144288579,0.0,0.218436873747495,0.0,0.0,0.0
642016,0.25384615384615383,0.06923076923076923,0.0,0.0,0.43846153846153846,0.23846153846153847,0.0,0.0,0.0,0.0,0.0
642048,0.05263157894736842,0.3684210526315789,0.2631578947368421,0.3157894736842105,0.0,0.0,0.0,0.0,0.0,0.0,0.0
642100,0.45255474452554745,0.26520681265206814,0.2822384428223844,0.0,0.0,0.0,0.0,0.0,0.0,0.0,0.0
642121,0.4098360655737705,0.0,0.0,0.3825136612021858,0.01092896174863388,0.19672131147540983,0.0,0.0,0.0,0.0,0.0
642152,0.15308151093439365,0.22266401590457258,0.0,0.16898608349900596,0.21868787276341947,0.22465208747514911,0.011928429423459244,0.0,0.0,0.0,0.0
642180,0.0,0.0,0.0,0.0,0.0,0.0,0.0,0.0,0.0,0.0,1.0
642207,0.45703125,0.0,0.0,0.54296875,0.0,0.0,0.0,0.0,0.0,0.0,0.0
642215,0.0,0.0,0.0,0.0,0.0,0.0,0.0,0.0,0.0,0.0,1.0
642216,0.15384615384615385,0.3269230769230769,0.0,0.30128205128205127,0.1858974358974359,0.0,0.03205128205128205,0.0,0.0,0.0,0.0
642232,0.1504424778761062,0.19089759797724398,0.0,0.22123893805309736,0.1820480404551201,0.2553729456384324,0.0,0.0,0.0,0.0,0.0
642239,0.4765625,0.0,0.0,0.0,0.1328125,0.2734375,0.0,0.1171875,0.0,0.0,0.0
642397,0.09296482412060302,0.49246231155778897,0.3768844221105528,0.0,0.032663316582914576,0.0,0.0,0.005025125628140704,0.0,0.0,0.0
642520,0.32608695652173914,0.15217391304347827,0.21739130434782608,0.17391304347826086,0.0,0.0,0.13043478260869565,0.0,0.0,0.0,0.0
642528,0.03785488958990536,0.5394321766561514,0.0,0.20504731861198738,0.0,0.03470031545741325,0.1829652996845426,0.0,0.0,0.0,0.0
642547,0.5494241842610365,0.0,0.09117082533589252,0.20585412667946257,0.004318618042226488,0.0,0.13675623800383876,0.0,0.0,0.0,0.012476007677543186
642585,0.0,0.6086956521739131,0.07971014492753623,0.0,0.0,0.0024154589371980675,0.0,0.30676328502415456,0.0,0.0,0.0024154589371980675
642701,0.27564102564102566,0.0876068376068376,0.47863247863247865,0.06837606837606838,0.0,0.08974358974358974,0.0,0.0,0.0,0.0,0.0
642708,0.0,0.0,0.0,0.0,0.0,0.0,0.0,0.0,0.0,0.0,1.0
642759,0.6774193548387096,0.0,0.0,0.3225806451612903,0.0,0.0,0.0,0.0,0.0,0.0,0.0
643338,0.5053763440860215,0.012903225806451613,0.47956989247311826,0.0,0.0,0.0,0.0,0.0,0.0,0.0,0.002150537634408602
643361,0.3793103448275862,0.0,0.0,0.3563218390804598,0.0,0.26436781609195403,0.0,0.0,0.0,0.0,0.0
643377,0.15439856373429084,0.09874326750448834,0.0,0.24057450628366248,0.4793536804308797,0.025134649910233394,0.0017953321364452424,0.0,0.0,0.0,0.0
643410,0.007352941176470588,0.36519607843137253,0.014705882352941176,0.0,0.0,0.03676470588235294,0.23529411764705882,0.34068627450980393,0.0,0.0,0.0
643511,0.0,0.7451523545706371,0.2548476454293629,0.0,0.0,0.0,0.0,0.0,0.0,0.0,0.0
645261,0.17558528428093645,0.26198439241917504,0.1750278706800446,0.21962095875139354,0.0,0.1677814938684504,0.0,0.0,0.0,0.0,0.0
645305,0.0,0.0,0.0,0.0,0.0,0.0,0.0,0.0,0.0,0.0,1.0
645444,0.0,0.0,0.0,0.0,0.0,0.0,0.0,0.0,0.0,0.0,1.0
646242,0.14285714285714285,0.14285714285714285,0.3333333333333333,0.23809523809523808,0.0,0.0,0.14285714285714285,0.0,0.0,0.0,0.0
647315,0.0,0.5098039215686274,0.22549019607843138,0.0,0.0392156862745098,0.22549019607843138,0.0,0.0,0.0,0.0,0.0
647336,0.43764892772041303,0.10007942811755362,0.0,0.10881652104845115,0.0,0.0,0.0,0.0,0.0,0.3526608419380461,0.0007942811755361397
647351,0.0,0.0,0.0,0.0,0.0,0.0,0.0,0.0,0.0,0.0,1.0
650556,0.5017667844522968,0.0088339222614841,0.4840989399293286,0.00530035335689046,0.0,0.0,0.0,0.0,0.0,0.0,0.0
650633,0.24688279301745636,0.27057356608478805,0.06982543640897755,0.2119700748129676,0.20074812967581046,0.0,0.0,0.0,0.0,0.0,0.0
650644,0.14691943127962084,0.17819905213270143,0.0938388625592417,0.0,0.0,0.34502369668246446,0.17819905213270143,0.05781990521327014,0.0,0.0,0.0
650671,0.8709677419354839,0.0,0.0,0.12903225806451613,0.0,0.0,0.0,0.0,0.0,0.0,0.0
650893,0.262987012987013,0.21753246753246752,0.0,0.0,0.0,0.19155844155844157,0.21103896103896103,0.11688311688311688,0.0,0.0,0.0
650911,0.0,0.4459673168160253,0.16341591987348444,0.3906167633104902,0.0,0.0,0.0,0.0,0.0,0.0,0.0
655889,0.2,0.2830188679245283,0.5169811320754717,0.0,0.0,0.0,0.0,0.0,0.0,0.0,0.0
656186,0.25517241379310346,0.2517241379310345,0.2482758620689655,0.24482758620689654,0.0,0.0,0.0,0.0,0.0,0.0,0.0
656222,0.47288503253796094,0.0,0.0,0.40997830802603036,0.0,0.11713665943600868,0.0,0.0,0.0,0.0,0.0
656234,0.0,0.32281205164992827,0.0,0.0,0.4017216642754663,0.03012912482065997,0.24533715925394547,0.0,0.0,0.0,0.0
656240,0.363013698630137,0.010273972602739725,0.4366438356164384,0.0,0.0,0.0,0.0,0.19006849315068494,0.0,0.0,0.0
656257,0.37209302325581395,0.0,0.0,0.0,0.2558139534883721,0.37209302325581395,0.0,0.0,0.0,0.0,0.0
656271,0.4397590361445783,0.08835341365461848,0.25502008032128515,0.21686746987951808,0.0,0.0,0.0,0.0,0.0,0.0,0.0
656288,0.34801016088060965,0.0,0.2955122777307367,0.24132091447925486,0.011854360711261643,0.03386960203217612,0.0,0.0,0.06943268416596104,0.0,0.0
656302,0.4135148764498235,0.019667170953101363,0.45486636409480585,0.012607160867372668,0.019667170953101363,0.0,0.0,0.0,0.07967725668179526,0.0,0.0
656420,0.3442622950819672,0.0,0.14754098360655737,0.5081967213114754,0.0,0.0,0.0,0.0,0.0,0.0,0.0
656427,0.46499477533960293,0.018808777429467086,0.22675026123301986,0.02612330198537095,0.0,0.0,0.0,0.0,0.26332288401253917,0.0,0.0
656457,0.10696517412935323,0.30597014925373134,0.0,0.0,0.26865671641791045,0.21144278606965175,0.0,0.10696517412935323,0.0,0.0,0.0
656464,0.4942857142857143,0.07428571428571429,0.43142857142857144,0.0,0.0,0.0,0.0,0.0,0.0,0.0,0.0
656546,0.33473684210526317,0.08421052631578947,0.29894736842105263,0.0,0.0,0.0,0.0,0.28210526315789475,0.0,0.0,0.0
656550,0.31483578708946774,0.0011325028312570782,0.37315968289920726,0.010758776896942242,0.0,0.1579841449603624,0.1421291053227633,0.0,0.0,0.0,0.0
656557,0.05967741935483871,0.38548387096774195,0.0,0.0,0.36774193548387096,0.0,0.0,0.1870967741935484,0.0,0.0,0.0
656605,0.3319349764027268,0.17147351861562665,0.16570529627687466,0.07079181961195595,0.18615626638699528,0.0015731515469323545,0.0723649711588883,0.0,0.0,0.0,0.0
656629,0.7702702702702703,0.0,0.0,0.0,0.0,0.22972972972972974,0.0,0.0,0.0,0.0,0.0
656641,0.4938118811881188,0.0,0.20915841584158415,0.24257425742574257,0.0,0.0,0.054455445544554455,0.0,0.0,0.0,0.0
656686,0.4262295081967213,0.0,0.3770491803278688,0.02459016393442623,0.0,0.0,0.1721311475409836,0.0,0.0,0.0,0.0
656730,0.6309226932668329,0.0,0.0,0.0,0.0,0.0,0.0,0.0,0.3690773067331671,0.0,0.0
656731,0.39377289377289376,0.20238095238095238,0.23901098901098902,0.076007326007326,0.011904761904761904,0.0,0.07692307692307693,0.0,0.0,0.0,0.0
656794,0.30057803468208094,0.1926782273603083,0.0,0.0789980732177264,0.0,0.15221579961464354,0.05876685934489403,0.0,0.0,0.21676300578034682,0.0
656848,0.5363636363636364,0.06363636363636363,0.4,0.0,0.0,0.0,0.0,0.0,0.0,0.0,0.0
656849,0.22771213748657357,0.28839957035445757,0.2083780880773362,0.1439312567132116,0.0,0.0,0.13157894736842105,0.0,0.0,0.0,0.0
656876,0.32827949901120634,0.24456163480553725,0.0006591957811470006,0.01120632827949901,0.05405405405405406,0.3150955833882663,0.04614370468029005,0.0,0.0,0.0,0.0
656896,0.0,0.0,0.0,0.025,0.0,0.0,0.0,0.0,0.0,0.0,0.975
656945,0.5585585585585585,0.0045045045045045045,0.4369369369369369,0.0,0.0,0.0,0.0,0.0,0.0,0.0,0.0
656986,0.4276315789473684,0.008771929824561403,0.5592105263157895,0.0,0.0,0.0043859649122807015,0.0,0.0,0.0,0.0,0.0
657006,0.6415094339622641,0.025157232704402517,0.2389937106918239,0.031446540880503145,0.0,0.0,0.06289308176100629,0.0,0.0,0.0,0.0
657024,0.4489795918367347,0.0,0.09183673469387756,0.0,0.0,0.0,0.0,0.45918367346938777,0.0,0.0,0.0
657044,0.10385756676557864,0.456973293768546,0.4391691394658754,0.0,0.0,0.0,0.0,0.0,0.0,0.0,0.0
657053,0.0,0.53125,0.0,0.0,0.0,0.0,0.1875,0.28125,0.0,0.0,0.0
657097,0.44081632653061226,0.0,0.0,0.37551020408163266,0.1836734693877551,0.0,0.0,0.0,0.0,0.0,0.0
657240,0.46808510638297873,0.0,0.5063829787234042,0.00851063829787234,0.01702127659574468,0.0,0.0,0.0,0.0,0.0,0.0
657277,0.07530402245088869,0.3437792329279701,0.0,0.24087932647333957,0.2600561272217025,0.07998129092609915,0.0,0.0,0.0,0.0,0.0
657376,0.0726643598615917,0.07352941176470588,0.13321799307958476,0.0,0.1245674740484429,0.4083044982698962,0.0,0.0,0.18771626297577854,0.0,0.0
657424,0.22807017543859648,0.10526315789473684,0.5263157894736842,0.09941520467836257,0.04093567251461988,0.0,0.0,0.0,0.0,0.0,0.0
657514,0.004158004158004158,0.4261954261954262,0.04365904365904366,0.13305613305613306,0.0,0.11850311850311851,0.27442827442827444,0.0,0.0,0.0,0.0
657571,0.359375,0.1875,0.0,0.0,0.0,0.20535714285714285,0.0,0.0,0.0,0.24776785714285715,0.0
657585,0.04553734061930783,0.2659380692167577,0.0,0.0,0.1930783242258652,0.27140255009107467,0.0,0.22404371584699453,0.0,0.0,0.0
657612,0.1934673366834171,0.7562814070351759,0.0,0.0,0.0,0.05025125628140704,0.0,0.0,0.0,0.0,0.0
657649,0.0021413276231263384,0.5331905781584583,0.0,0.08137044967880086,0.0,0.21627408993576017,0.1670235546038544,0.0,0.0,0.0,0.0
657746,0.5082599118942731,0.11674008810572688,0.08865638766519823,0.0,0.1343612334801762,0.0,0.0,0.12004405286343613,0.03138766519823789,0.0,0.0005506607929515419
657756,0.5617977528089888,0.0,0.0,0.20224719101123595,0.033707865168539325,0.20224719101123595,0.0,0.0,0.0,0.0,0.0
660271,0.4541832669322709,0.05976095617529881,0.09163346613545817,0.0,0.30677290836653387,0.035856573705179286,0.01195219123505976,0.0398406374501992,0.0,0.0,0.0
660604,0.40268456375838924,0.0,0.20134228187919462,0.33557046979865773,0.0,0.0,0.06040268456375839,0.0,0.0,0.0,0.0
660730,0.44398340248962653,0.0,0.0,0.07053941908713693,0.11203319502074689,0.13278008298755187,0.24066390041493776,0.0,0.0,0.0,0.0
660761,0.4857142857142857,0.0,0.24285714285714285,0.2571428571428571,0.014285714285714285,0.0,0.0,0.0,0.0,0.0,0.0
660787,0.13190184049079753,0.4723926380368098,0.12883435582822086,0.2668711656441718,0.0,0.0,0.0,0.0,0.0,0.0,0.0
660825,0.17275747508305647,0.3372093023255814,0.0,0.0,0.4601328903654485,0.0016611295681063123,0.0,0.02823920265780731,0.0,0.0,0.0
660844,0.0,0.0,0.0,0.0,0.0,0.0,0.0,0.0,0.0,0.0,1.0
660853,0.4489402697495183,0.0,0.37957610789980734,0.17148362235067438,0.0,0.0,0.0,0.0,0.0,0.0,0.0
660896,0.4680483592400691,0.11398963730569948,0.1692573402417962,0.027633851468048358,0.0,0.0,0.22107081174438686,0.0,0.0,0.0,0.0
661395,0.33725490196078434,0.0,0.0,0.0,0.0803921568627451,0.0,0.0,0.38235294117647056,0.2,0.0,0.0
661403,0.0,0.012396694214876033,0.30785123966942146,0.0,0.0,0.6797520661157025,0.0,0.0,0.0,0.0,0.0
661563,0.4166666666666667,0.0,0.3194444444444444,0.2638888888888889,0.0,0.0,0.0,0.0,0.0,0.0,0.0
662253,0.3532934131736527,0.1277445109780439,0.49700598802395207,0.021956087824351298,0.0,0.0,0.0,0.0,0.0,0.0,0.0
663158,0.6610526315789473,0.10947368421052632,0.0,0.2294736842105263,0.0,0.0,0.0,0.0,0.0,0.0,0.0
663321,0.45132743362831856,0.0,0.4336283185840708,0.0,0.0,0.0,0.0,0.11504424778761062,0.0,0.0,0.0
663362,0.1414141414141414,0.09090909090909091,0.0,0.0,0.030303030303030304,0.0,0.0,0.0,0.0,0.0,0.7373737373737373
663372,0.321256038647343,0.12318840579710146,0.16908212560386474,0.17391304347826086,0.14492753623188406,0.0,0.06763285024154589,0.0,0.0,0.0,0.0
663399,0.22469135802469137,0.2074074074074074,0.18518518518518517,0.16296296296296298,0.21975308641975308,0.0,0.0,0.0,0.0,0.0,0.0
663423,0.31932773109243695,0.018907563025210083,0.008403361344537815,0.01680672268907563,0.17857142857142858,0.2184873949579832,0.20798319327731093,0.031512605042016806,0.0,0.0,0.0
663432,0.48514851485148514,0.0,0.5148514851485149,0.0,0.0,0.0,0.0,0.0,0.0,0.0,0.0
663436,0.3150074294205052,0.09361069836552749,0.2600297176820208,0.23328380386329867,0.05943536404160475,0.0014858841010401188,0.03714710252600297,0.0,0.0,0.0,0.0
663455,0.6666666666666666,0.0,0.08333333333333333,0.25,0.0,0.0,0.0,0.0,0.0,0.0,0.0
663460,0.36199376947040496,0.06728971962616823,0.13894080996884736,0.22180685358255453,0.20996884735202492,0.0,0.0,0.0,0.0,0.0,0.0
663462,0.2553191489361702,0.14893617021276595,0.2978723404255319,0.0,0.14893617021276595,0.0,0.14893617021276595,0.0,0.0,0.0,0.0
663465,0.35231316725978645,0.06761565836298933,0.0,0.19750889679715303,0.0,0.23309608540925267,0.1494661921708185,0.0,0.0,0.0,0.0
663474,0.8292682926829268,0.0,0.06097560975609756,0.0,0.0,0.0,0.10975609756097561,0.0,0.0,0.0,0.0
663485,0.29182156133828996,0.07806691449814127,0.0,0.0,0.0,0.27137546468401486,0.1449814126394052,0.2137546468401487,0.0,0.0,0.0
663542,0.6415094339622641,0.06918238993710692,0.0,0.012578616352201259,0.2578616352201258,0.018867924528301886,0.0,0.0,0.0,0.0,0.0
663546,0.0,0.46464646464646464,0.0,0.0,0.0,0.1414141414141414,0.0,0.0,0.3939393939393939,0.0,0.0
663554,0.3284182305630027,0.12935656836461126,0.1467828418230563,0.0,0.0,0.0,0.0,0.2540214477211796,0.0,0.14142091152815014,0.0
663559,0.49150409062303335,0.10635619886721208,0.1894273127753304,0.0,0.0,0.0,0.12712397734424166,0.08558842039018251,0.0,0.0,0.0
663562,0.07407407407407407,0.35802469135802467,0.0,0.0,0.35185185185185186,0.19753086419753085,0.0,0.0,0.0,0.0,0.018518518518518517
663568,0.2407566638005159,0.26053310404127256,0.17282889079965605,0.09028374892519346,0.06792777300085985,0.16680997420464316,0.0008598452278589854,0.0,0.0,0.0,0.0
663574,0.6196943972835314,0.0,0.19524617996604415,0.0,0.0,0.0,0.0,0.0,0.0,0.18505942275042445,0.0
663623,0.31155778894472363,0.21959798994974875,0.04623115577889447,0.08190954773869347,0.0,0.03869346733668342,0.3015075376884422,0.0,0.0,0.0,0.0005025125628140704
663671,0.6509090909090909,0.0,0.2581818181818182,0.0036363636363636364,0.0,0.0,0.08727272727272728,0.0,0.0,0.0,0.0
663687,0.5552,0.0,0.0,0.144,0.0352,0.0368,0.2288,0.0,0.0,0.0,0.0
663738,0.2280334728033473,0.16317991631799164,0.28870292887029286,0.2217573221757322,0.0,0.0,0.0,0.0,0.09832635983263599,0.0,0.0
663765,0.14102564102564102,0.32905982905982906,0.0,0.23076923076923078,0.18376068376068377,0.11538461538461539,0.0,0.0,0.0,0.0,0.0
663767,0.17752808988764046,0.21348314606741572,0.0,0.0696629213483146,0.29213483146067415,0.24719101123595505,0.0,0.0,0.0,0.0,0.0
663773,0.052083333333333336,0.4375,0.10416666666666667,0.0,0.0,0.0,0.0,0.40625,0.0,0.0,0.0
663795,0.0,0.3024390243902439,0.13658536585365855,0.25853658536585367,0.0,0.3024390243902439,0.0,0.0,0.0,0.0,0.0
663804,0.5786163522012578,0.025157232704402517,0.3270440251572327,0.06918238993710692,0.0,0.0,0.0,0.0,0.0,0.0,0.0
663855,0.10095011876484561,0.5237529691211401,0.06769596199524941,0.0,0.2505938242280285,0.0,0.0,0.057007125890736345,0.0,0.0,0.0
663878,0.5093167701863354,0.031055900621118012,0.422360248447205,0.0,0.0,0.0,0.037267080745341616,0.0,0.0,0.0,0.0
663893,0.0,0.4165341812400636,0.0,0.0,0.0,0.05246422893481717,0.0,0.0,0.5310015898251192,0.0,0.0
663897,0.0,0.0,0.0,0.0,0.0,0.0,0.0,0.0,0.0,0.0,1.0
663903,0.11653116531165311,0.39186991869918697,0.2959349593495935,0.0,0.0921409214092141,0.1035230352303523,0.0,0.0,0.0,0.0,0.0
663941,0.31419939577039274,0.0,0.2326283987915408,0.0,0.22054380664652568,0.0,0.2326283987915408,0.0,0.0,0.0,0.0
663947,0.15547703180212014,0.16607773851590105,0.0,0.16431095406360424,0.15371024734982333,0.30918727915194344,0.05123674911660778,0.0,0.0,0.0,0.0
663967,0.0,0.0,0.0,0.0,0.0,0.0,0.0,0.0,0.0,0.0,1.0
663969,0.11205432937181664,0.2597623089983022,0.0,0.0,0.21561969439728354,0.003395585738539898,0.24787775891341257,0.16129032258064516,0.0,0.0,0.0
663978,0.4365256124721604,0.04398663697104677,0.026726057906458798,0.23997772828507796,0.0,0.1403118040089087,0.11247216035634744,0.0,0.0,0.0,0.0
663992,0.1326530612244898,0.3163265306122449,0.10204081632653061,0.0,0.4489795918367347,0.0,0.0,0.0,0.0,0.0,0.0
664062,0.40069686411149824,0.0,0.16376306620209058,0.0,0.0,0.0,0.16898954703832753,0.2665505226480836,0.0,0.0,0.0
664076,0.09695290858725762,0.407202216066482,0.3767313019390582,0.0,0.09695290858725762,0.0221606648199446,0.0,0.0,0.0,0.0,0.0
664123,0.0594059405940594,0.4752475247524752,0.0,0.12871287128712872,0.33663366336633666,0.0,0.0,0.0,0.0,0.0,0.0
664126,0.5266524520255863,0.0,0.40298507462686567,0.07036247334754797,0.0,0.0,0.0,0.0,0.0,0.0,0.0
664129,0.21348314606741572,0.16853932584269662,0.6179775280898876,0.0,0.0,0.0,0.0,0.0,0.0,0.0,0.0
664139,0.48695652173913045,0.0,0.18695652173913044,0.030434782608695653,0.14347826086956522,0.14782608695652175,0.0,0.0,0.0,0.0,0.004347826086956522
664141,0.0,0.5757575757575758,0.22727272727272727,0.14646464646464646,0.0,0.0,0.050505050505050504,0.0,0.0,0.0,0.0
664192,0.20465116279069767,0.46511627906976744,0.0,0.0,0.0,0.0,0.32558139534883723,0.004651162790697674,0.0,0.0,0.0
664199,0.24725274725274726,0.14560439560439561,0.42032967032967034,0.18681318681318682,0.0,0.0,0.0,0.0,0.0,0.0,0.0
664208,0.0,0.09865470852017937,0.0,0.0,0.13228699551569506,0.3542600896860987,0.4147982062780269,0.0,0.0,0.0,0.0
664285,0.0026838432635534087,0.4396135265700483,0.01932367149758454,0.19484702093397746,0.0,0.0,0.3435319377348363,0.0,0.0,0.0,0.0
664294,0.2777777777777778,0.0,0.7222222222222222,0.0,0.0,0.0,0.0,0.0,0.0,0.0,0.0
664351,0.5238095238095238,0.02040816326530612,0.17006802721088435,0.1836734693877551,0.10204081632653061,0.0,0.0,0.0,0.0,0.0,0.0
664747,0.660377358490566,0.0,0.33962264150943394,0.0,0.0,0.0,0.0,0.0,0.0,0.0,0.0
664849,0.0,0.5569620253164557,0.0,0.0,0.4050632911392405,0.0379746835443038,0.0,0.0,0.0,0.0,0.0
664854,0.46099290780141844,0.0,0.4799054373522459,0.0,0.0,0.014184397163120567,0.04491725768321513,0.0,0.0,0.0,0.0
664875,0.07142857142857142,0.37755102040816324,0.0,0.0,0.5510204081632653,0.0,0.0,0.0,0.0,0.0,0.0
664948,0.075,0.0,0.0,0.2125,0.0,0.5875,0.125,0.0,0.0,0.0,0.0
664991,0.08854166666666667,0.46875,0.3229166666666667,0.0,0.0,0.0,0.11458333333333333,0.005208333333333333,0.0,0.0,0.0
665019,0.0,0.0,0.0,0.0,0.0,0.0,0.0,0.0,0.0,0.0,1.0
665152,0.24115755627009647,0.2052518756698821,0.0010718113612004287,0.0,0.0,0.20846730975348338,0.13933547695605572,0.20418006430868169,0.0,0.0,0.0005359056806002144
665625,0.0,0.48214285714285715,0.5178571428571429,0.0,0.0,0.0,0.0,0.0,0.0,0.0,0.0
665660,0.426056338028169,0.16901408450704225,0.3591549295774648,0.045774647887323945,0.0,0.0,0.0,0.0,0.0,0.0,0.0
665795,0.12393442622950819,0.21442622950819673,0.17901639344262296,0.24262295081967214,0.0,0.0,0.24,0.0,0.0,0.0,0.0
666120,0.5059523809523809,0.0,0.0,0.3630952380952381,0.0,0.0,0.13095238095238096,0.0,0.0,0.0,0.0
666142,0.47248322147651006,0.0,0.1436241610738255,0.20536912751677852,0.0,0.026845637583892617,0.0,0.0,0.15167785234899328,0.0,0.0
666157,0.28283378746594007,0.19564032697547684,0.0,0.22343324250681199,0.0,0.0,0.29809264305177113,0.0,0.0,0.0,0.0
666168,0.26666666666666666,0.3,0.2833333333333333,0.1,0.0,0.0,0.05,0.0,0.0,0.0,0.0
666171,0.35019455252918286,0.0,0.1828793774319066,0.0,0.20817120622568094,0.22762645914396887,0.0,0.0,0.0,0.0311284046692607,0.0
666200,0.3283582089552239,0.09881626351003603,0.08646423057128153,0.19608852290272774,0.2902727740607308,0.0,0.0,0.0,0.0,0.0,0.0
666214,0.43914081145584727,0.0,0.23389021479713604,0.008353221957040573,0.0,0.14200477326968974,0.1766109785202864,0.0,0.0,0.0,0.0
666215,0.3446601941747573,0.17475728155339806,0.0,0.014563106796116505,0.0,0.24757281553398058,0.11650485436893204,0.0,0.0,0.10194174757281553,0.0
666277,0.18253968253968253,0.25793650793650796,0.15079365079365079,0.24206349206349206,0.16666666666666666,0.0,0.0,0.0,0.0,0.0,0.0
666374,0.043478260869565216,0.20869565217391303,0.6289855072463768,0.11304347826086956,0.0,0.0,0.0,0.0,0.005797101449275362,0.0,0.0
666619,0.0,0.3670886075949367,0.6329113924050633,0.0,0.0,0.0,0.0,0.0,0.0,0.0,0.0
666659,0.4375,0.0,0.46875,0.09375,0.0,0.0,0.0,0.0,0.0,0.0,0.0
666661,0.47560975609756095,0.17682926829268292,0.21341463414634146,0.13414634146341464,0.0,0.0,0.0,0.0,0.0,0.0,0.0
666808,0.0,0.09611829944547134,0.5545286506469501,0.0,0.0,0.34750462107208874,0.0,0.0,0.0,0.0,0.0018484288354898336
666974,0.13033175355450238,0.44786729857819907,0.011848341232227487,0.1872037914691943,0.18009478672985782,0.04265402843601896,0.0,0.0,0.0,0.0,0.0
667297,0.0,0.2755102040816326,0.4489795918367347,0.0,0.0,0.0,0.2755102040816326,0.0,0.0,0.0,0.0
667463,0.02109704641350211,0.5843881856540084,0.12025316455696203,0.21729957805907174,0.0,0.0,0.056962025316455694,0.0,0.0,0.0,0.0
667755,0.0817641228939544,0.4940535183349851,0.07284440039643211,0.003964321110009911,0.0,0.0,0.0,0.07730426164519326,0.2700693756194252,0.0,0.0
668390,0.20300751879699247,0.2706766917293233,0.21428571428571427,0.0,0.0,0.18045112781954886,0.018796992481203006,0.11278195488721804,0.0,0.0,0.0
668670,0.0,0.0,0.0,0.0,0.0,0.0,0.0,0.0,0.0,0.0,1.0
668674,0.23014256619144602,0.2830957230142566,0.3095723014256619,0.17718940936863545,0.0,0.0,0.0,0.0,0.0,0.0,0.0
668678,0.43260340632603406,0.027737226277372264,0.13722627737226278,0.14695863746958637,0.0,0.0009732360097323601,0.0,0.0,0.25401459854014596,0.0,0.00048661800486618007
668716,0.0,0.5674603174603174,0.0,0.0,0.1984126984126984,0.2222222222222222,0.0,0.007936507936507936,0.0,0.0,0.003968253968253968
668820,0.38875305623471884,0.0,0.4229828850855746,0.0,0.07090464547677261,0.0,0.11735941320293398,0.0,0.0,0.0,0.0
668834,0.2,0.32857142857142857,0.0,0.02857142857142857,0.04285714285714286,0.12857142857142856,0.2714285714285714,0.0,0.0,0.0,0.0
668881,0.5485781990521327,0.0,0.35071090047393366,0.0,0.0,0.0,0.0,0.10071090047393365,0.0,0.0,0.0
668909,0.3701657458563536,0.04470115519839277,0.0,0.0010045203415369162,0.21295831240582622,0.1592164741336012,0.2119537920642893,0.0,0.0,0.0,0.0
668933,0.0,0.0,0.4369449378330373,0.0,0.0,0.5630550621669627,0.0,0.0,0.0,0.0,0.0
668941,0.05958549222797927,0.3005181347150259,0.0,0.24611398963730569,0.3704663212435233,0.0025906735751295338,0.0,0.0,0.0,0.02072538860103627,0.0
668964,0.48118279569892475,0.0,0.22849462365591397,0.03225806451612903,0.0,0.22043010752688172,0.024193548387096774,0.013440860215053764,0.0,0.0,0.0
668970,0.5463917525773195,0.09278350515463918,0.0,0.0,0.36082474226804123,0.0,0.0,0.0,0.0,0.0,0.0
668984,0.5018796992481203,0.19172932330827067,0.0,0.11842105263157894,0.18796992481203006,0.0,0.0,0.0,0.0,0.0,0.0
669020,0.46454767726161367,0.0,0.17114914425427874,0.034229828850855744,0.0,0.0,0.33007334963325186,0.0,0.0,0.0,0.0
669022,0.49147442326980945,0.0,0.11735205616850551,0.09829488465396188,0.0,0.04513540621865597,0.2477432296890672,0.0,0.0,0.0,0.0
669060,0.17458100558659218,0.24441340782122906,0.0,0.1871508379888268,0.0,0.2360335195530726,0.15782122905027932,0.0,0.0,0.0,0.0
669062,0.31,0.16333333333333333,0.24333333333333335,0.2833333333333333,0.0,0.0,0.0,0.0,0.0,0.0,0.0
669084,0.2793733681462141,0.05221932114882506,0.185378590078329,0.1801566579634465,0.0,0.20887728459530025,0.09399477806788512,0.0,0.0,0.0,0.0
669093,0.5910931174089069,0.0,0.17408906882591094,0.0,0.0,0.0,0.0,0.23481781376518218,0.0,0.0,0.0
669160,0.1659625829812915,0.3415811707905854,0.0,0.0006035003017501509,0.4103802051901026,0.08147254073627037,0.0,0.0,0.0,0.0,0.0
669193,0.6176470588235294,0.0,0.2647058823529412,0.0,0.0,0.0,0.0,0.11764705882352941,0.0,0.0,0.0
669194,0.6141678129298487,0.0,0.13961485557083905,0.03782668500687758,0.0,0.10110041265474554,0.10729023383768914,0.0,0.0,0.0,0.0
669199,0.38353765323992994,0.0,0.2171628721541156,0.0,0.2609457092819615,0.0,0.0,0.138353765323993,0.0,0.0,0.0
669203,0.0,0.09853249475890985,0.09119496855345911,0.07337526205450734,0.0,0.5419287211740041,0.1949685534591195,0.0,0.0,0.0,0.0
669211,0.5171026156941649,0.0,0.2857142857142857,0.19718309859154928,0.0,0.0,0.0,0.0,0.0,0.0,0.0
669212,0.2765957446808511,0.0,0.3829787234042553,0.3404255319148936,0.0,0.0,0.0,0.0,0.0,0.0,0.0
669276,0.3148854961832061,0.0,0.5515267175572519,0.13358778625954199,0.0,0.0,0.0,0.0,0.0,0.0,0.0
669302,0.3465909090909091,0.013798701298701298,0.35633116883116883,0.0,0.0,0.0,0.08035714285714286,0.20292207792207792,0.0,0.0,0.0
669308,0.49137931034482757,0.0,0.33045977011494254,0.06609195402298851,0.11206896551724138,0.0,0.0,0.0,0.0,0.0,0.0
669358,0.44044044044044045,0.0,0.03953953953953954,0.11561561561561562,0.0,0.12412412412412413,0.0,0.0,0.2802802802802803,0.0,0.0
669371,0.52465483234714,0.11045364891518737,0.0,0.023668639053254437,0.29191321499013806,0.04930966469428008,0.0,0.0,0.0,0.0,0.0
669372,0.0,0.5589041095890411,0.2863013698630137,0.06575342465753424,0.0,0.08904109589041095,0.0,0.0,0.0,0.0,0.0
669373,0.26429341963322545,0.2540453074433657,0.1272923408845739,0.3268608414239482,0.0,0.0,0.025889967637540454,0.0016181229773462784,0.0,0.0,0.0
669387,0.36189516129032256,0.13205645161290322,0.1875,0.0,0.1532258064516129,0.0010080645161290322,0.034274193548387094,0.13004032258064516,0.0,0.0,0.0
669391,0.2967032967032967,0.06593406593406594,0.0,0.06593406593406594,0.2857142857142857,0.25274725274725274,0.03296703296703297,0.0,0.0,0.0,0.0
669422,0.21749408983451538,0.1702127659574468,0.1773049645390071,0.0,0.0,0.3262411347517731,0.01182033096926714,0.09692671394799054,0.0,0.0,0.0
669432,0.3995381062355658,0.1489607390300231,0.0,0.2528868360277136,0.07967667436489607,0.11893764434180139,0.0,0.0,0.0,0.0,0.0
669438,0.18181818181818182,0.19220779220779222,0.0,0.36103896103896105,0.005194805194805195,0.19220779220779222,0.05974025974025974,0.0,0.0,0.007792207792207792,0.0
669449,0.3684210526315789,0.0,0.3157894736842105,0.21052631578947367,0.0,0.10526315789473684,0.0,0.0,0.0,0.0,0.0
669450,0.0,0.0,0.0,0.0,0.0,0.0,0.0,0.0,0.0,0.0,1.0
669459,0.4482758620689655,0.0,0.5172413793103449,0.0,0.0,0.034482758620689655,0.0,0.0,0.0,0.0,0.0
669461,0.2591922845087402,0.12477396021699819,0.2314647377938517,0.12537673297166968,0.0,0.11512959614225438,0.14345991561181434,0.0,0.0,0.0,0.0006027727546714888
669467,0.44400675295441755,0.12999437253798538,0.2915025323579066,0.0,0.0016882386043894203,0.0,0.0,0.0,0.13280810354530106,0.0,0.0
669622,0.01020408163265306,0.2673469387755102,0.22653061224489796,0.04081632653061224,0.45510204081632655,0.0,0.0,0.0,0.0,0.0,0.0
669674,0.3234323432343234,0.07590759075907591,0.33993399339933994,0.0,0.0,0.0,0.1782178217821782,0.08250825082508251,0.0,0.0,0.0
669684,0.36704119850187267,0.00749063670411985,0.19101123595505617,0.0149812734082397,0.08239700374531835,0.0,0.31835205992509363,0.018726591760299626,0.0,0.0,0.0
669704,0.1391304347826087,0.13043478260869565,0.0,0.0,0.02608695652173913,0.48695652173913045,0.21739130434782608,0.0,0.0,0.0,0.0
669711,0.38333333333333336,0.24791666666666667,0.13333333333333333,0.09791666666666667,0.09166666666666666,0.0,0.04583333333333333,0.0,0.0,0.0,0.0
669713,0.3514644351464435,0.1108786610878661,0.0,0.07322175732217573,0.2510460251046025,0.11506276150627615,0.09832635983263599,0.0,0.0,0.0,0.0
669717,0.0,0.0,0.7142857142857143,0.23809523809523808,0.0,0.0,0.047619047619047616,0.0,0.0,0.0,0.0
669721,0.4880952380952381,0.0,0.17261904761904762,0.0,0.1130952380952381,0.0,0.0,0.2261904761904762,0.0,0.0,0.0
669724,0.12212389380530973,0.6389380530973451,0.1929203539823009,0.04601769911504425,0.0,0.0,0.0,0.0,0.0,0.0,0.0
669854,0.35098335854765506,0.0,0.31316187594553707,0.12556732223903178,0.0,0.0,0.2102874432677761,0.0,0.0,0.0,0.0
669920,0.10337972166998012,0.38767395626242546,0.003976143141153081,0.3101391650099404,0.17892644135188868,0.015904572564612324,0.0,0.0,0.0,0.0,0.0
669923,0.29562345169281584,0.24607762180016515,0.0,0.017341040462427744,0.28488852188274155,0.0,0.0,0.04376548307184145,0.11230388109000826,0.0,0.0
670036,0.4417808219178082,0.017123287671232876,0.0,0.0,0.3732876712328767,0.1678082191780822,0.0,0.0,0.0,0.0,0.0
670059,0.07947019867549669,0.33112582781456956,0.013245033112582781,0.0,0.3841059602649007,0.15894039735099338,0.0,0.033112582781456956,0.0,0.0,0.0
670102,0.5472081218274112,0.019289340101522844,0.06091370558375635,0.0,0.0,0.0,0.1401015228426396,0.23248730964467004,0.0,0.0,0.0
670156,0.0,0.0,0.0,0.0,0.0,0.0,0.0,0.0,0.0,0.0,1.0
670167,0.2980392156862745,0.21176470588235294,0.0,0.00980392156862745,0.3058823529411765,0.17450980392156862,0.0,0.0,0.0,0.0,0.0
670174,0.2937853107344633,0.1694915254237288,0.096045197740113,0.1751412429378531,0.0,0.2655367231638418,0.0,0.0,0.0,0.0,0.0
670280,0.47413793103448276,0.0,0.0,0.0,0.0,0.0,0.3297413793103448,0.1961206896551724,0.0,0.0,0.0
670329,0.411214953271028,0.0,0.14485981308411214,0.1542056074766355,0.0,0.0,0.2897196261682243,0.0,0.0,0.0,0.0
670766,0.09090909090909091,0.3181818181818182,0.0,0.18181818181818182,0.4090909090909091,0.0,0.0,0.0,0.0,0.0,0.0
670810,0.32323232323232326,0.030303030303030304,0.21212121212121213,0.16161616161616163,0.020202020202020204,0.13131313131313133,0.12121212121212122,0.0,0.0,0.0,0.0
670912,0.42105263157894735,0.02631578947368421,0.42105263157894735,0.0,0.0,0.0,0.13157894736842105,0.0,0.0,0.0,0.0
670950,0.5824175824175825,0.0,0.13186813186813187,0.2857142857142857,0.0,0.0,0.0,0.0,0.0,0.0,0.0
670955,0.3810316139767055,0.018302828618968387,0.0,0.40266222961730447,0.03494176372712146,0.16306156405990016,0.0,0.0,0.0,0.0,0.0
670970,0.037037037037037035,0.5950617283950618,0.25679012345679014,0.06666666666666667,0.0,0.037037037037037035,0.0,0.0,0.0,0.0,0.007407407407407408
670990,0.42857142857142855,0.06349206349206349,0.09523809523809523,0.0,0.2222222222222222,0.005291005291005291,0.18518518518518517,0.0,0.0,0.0,0.0
671096,0.4624641833810888,0.0,0.0,0.20057306590257878,0.1650429799426934,0.0492836676217765,0.12263610315186246,0.0,0.0,0.0,0.0
671106,0.32707622298065986,0.12343572241183162,0.0,0.18373151308304891,0.2428896473265074,0.12286689419795221,0.0,0.0,0.0,0.0,0.0
671109,0.42366412213740456,0.0,0.1984732824427481,0.16793893129770993,0.2099236641221374,0.0,0.0,0.0,0.0,0.0,0.0
671131,0.23076923076923078,0.2698612862547289,0.22950819672131148,0.0,0.0,0.1677175283732661,0.0,0.1021437578814628,0.0,0.0,0.0
671162,0.017543859649122806,0.45614035087719296,0.0,0.12280701754385964,0.08771929824561403,0.3157894736842105,0.0,0.0,0.0,0.0,0.0
671212,0.5233415233415234,0.0,0.32432432432432434,0.0,0.0,0.0,0.0,0.15233415233415235,0.0,0.0,0.0
671305,0.3956043956043956,0.24175824175824176,0.3626373626373626,0.0,0.0,0.0,0.0,0.0,0.0,0.0,0.0
671737,0.37041800643086814,0.0932475884244373,0.0,0.0,0.0,0.22315112540192927,0.14919614147909968,0.1639871382636656,0.0,0.0,0.0
671922,0.6982758620689655,0.0,0.0,0.0,0.0896551724137931,0.0,0.0,0.2120689655172414,0.0,0.0,0.0
672282,0.48914858096828046,0.03171953255425709,0.2570951585976628,0.001669449081803005,0.0,0.0,0.21869782971619364,0.0,0.0,0.0,0.001669449081803005
672335,0.10062893081761007,0.41823899371069184,0.2389937106918239,0.0,0.0,0.0220125786163522,0.0,0.0,0.0,0.22012578616352202,0.0
672391,0.5147783251231527,0.0,0.0,0.10344827586206896,0.22167487684729065,0.16009852216748768,0.0,0.0,0.0,0.0,0.0
672456,0.28728270814272644,0.21043000914913082,0.22598353156450138,0.12351326623970722,0.0009149130832570906,0.0,0.0,0.0,0.15187557182067704,0.0,0.0
672578,0.5252100840336135,0.01050420168067227,0.19327731092436976,0.0,0.0021008403361344537,0.0,0.0,0.19957983193277312,0.06932773109243698,0.0,0.0
672582,0.2138728323699422,0.42003853564547206,0.3333333333333333,0.03275529865125241,0.0,0.0,0.0,0.0,0.0,0.0,0.0
672782,0.3793103448275862,0.07662835249042145,0.01532567049808429,0.0421455938697318,0.2413793103448276,0.07279693486590039,0.1724137931034483,0.0,0.0,0.0,0.0
672841,0.04703476482617587,0.5603271983640081,0.25153374233128833,0.002044989775051125,0.0,0.1390593047034765,0.0,0.0,0.0,0.0,0.0
673380,0.42857142857142855,0.0,0.556390977443609,0.015037593984962405,0.0,0.0,0.0,0.0,0.0,0.0,0.0
673513,0.35537190082644626,0.006198347107438017,0.2024793388429752,0.0,0.08677685950413223,0.0,0.0,0.34917355371900827,0.0,0.0,0.0
673540,0.30007178750897345,0.05599425699928212,0.04953338119167265,0.0,0.07537688442211055,0.208183776022972,0.016511127063890883,0.0,0.0,0.0,0.29432878679109836
673820,0.1568627450980392,0.4117647058823529,0.17647058823529413,0.0,0.0,0.0,0.0,0.2549019607843137,0.0,0.0,0.0
673929,0.5285451197053407,0.014732965009208104,0.42173112338858193,0.0,0.0,0.0,0.0,0.034990791896869246,0.0,0.0,0.0
673965,0.5333333333333333,0.0,0.24444444444444444,0.0,0.0,0.0,0.2222222222222222,0.0,0.0,0.0,0.0
674072,0.24742268041237114,0.020618556701030927,0.2268041237113402,0.21649484536082475,0.0,0.0,0.28865979381443296,0.0,0.0,0.0,0.0
674285,0.22349570200573066,0.44412607449856734,0.3237822349570201,0.008595988538681949,0.0,0.0,0.0,0.0,0.0,0.0,0.0
674370,0.3577430972388956,0.1752701080432173,0.2689075630252101,0.12004801920768307,0.0,0.07683073229291716,0.0,0.0,0.0,0.0,0.0012004801920768306
674384,0.627906976744186,0.0,0.32558139534883723,0.0,0.0,0.0,0.046511627906976744,0.0,0.0,0.0,0.0
674444,0.47733333333333333,0.0,0.2693333333333333,0.0,0.0,0.25333333333333335,0.0,0.0,0.0,0.0,0.0
674944,0.027522935779816515,0.42201834862385323,0.3486238532110092,0.0,0.0,0.0,0.0,0.2018348623853211,0.0,0.0,0.0
675512,0.36683417085427134,0.11557788944723618,0.2814070351758794,0.0,0.0,0.08542713567839195,0.06532663316582915,0.08542713567839195,0.0,0.0,0.0
675540,0.35714285714285715,0.0,0.42857142857142855,0.0,0.0,0.0,0.10714285714285714,0.10714285714285714,0.0,0.0,0.0
675650,0.5857142857142857,0.0,0.0,0.0,0.0,0.24285714285714285,0.11428571428571428,0.05714285714285714,0.0,0.0,0.0
675848,0.6337209302325582,0.0,0.0,0.001937984496124031,0.3643410852713178,0.0,0.0,0.0,0.0,0.0,0.0
675911,0.527588813303099,0.0,0.3764172335600907,0.03325774754346183,0.0,0.0,0.06273620559334846,0.0,0.0,0.0,0.0
675989,0.08571428571428572,0.4857142857142857,0.0,0.0,0.34285714285714286,0.08571428571428572,0.0,0.0,0.0,0.0,0.0
676051,0.5333333333333333,0.0,0.2,0.26666666666666666,0.0,0.0,0.0,0.0,0.0,0.0,0.0
676070,0.0,0.0,0.0,0.0,0.0,0.0,0.0,0.0,0.0,0.0,1.0
676083,0.3704474505723205,0.0,0.2611862643080125,0.06763787721123829,0.18314255983350677,0.0,0.11758584807492195,0.0,0.0,0.0,0.0
676092,0.23809523809523808,0.11428571428571428,0.0,0.0,0.29523809523809524,0.2253968253968254,0.0,0.0,0.0,0.12698412698412698,0.0
676106,0.2849604221635884,0.3491644678979771,0.13720316622691292,0.2119613016710642,0.016710642040457344,0.0,0.0,0.0,0.0,0.0,0.0
676130,0.2890995260663507,0.18009478672985782,0.2796208530805687,0.17535545023696683,0.07582938388625593,0.0,0.0,0.0,0.0,0.0,0.0
676206,0.2857142857142857,0.2857142857142857,0.14285714285714285,0.09523809523809523,0.0,0.0,0.19047619047619047,0.0,0.0,0.0,0.0
676254,0.00411522633744856,0.5823045267489712,0.411522633744856,0.00205761316872428,0.0,0.0,0.0,0.0,0.0,0.0,0.0
676263,0.4324786324786325,0.0,0.4598290598290598,0.0,0.0,0.0,0.1076923076923077,0.0,0.0,0.0,0.0
676272,0.2641509433962264,0.19811320754716982,0.09433962264150944,0.14150943396226415,0.0,0.0,0.3018867924528302,0.0,0.0,0.0,0.0
676282,0.39415204678362575,0.0,0.0912280701754386,0.3345029239766082,0.0,0.0,0.18011695906432748,0.0,0.0,0.0,0.0
676395,0.4268292682926829,0.0,0.29024390243902437,0.28292682926829266,0.0,0.0,0.0,0.0,0.0,0.0,0.0
676428,0.06599713055954089,0.5064562410329986,0.0,0.12482065997130559,0.30272596843615496,0.0,0.0,0.0,0.0,0.0,0.0
676440,0.24907846234860453,0.17272248551869404,0.0,0.14797261716692997,0.17640863612427593,0.20115850447604003,0.0526592943654555,0.0,0.0,0.0,0.0
676467,0.3905660377358491,0.11320754716981132,0.0,0.06320754716981132,0.3264150943396226,0.0,0.10660377358490566,0.0,0.0,0.0,0.0
676475,0.0,0.0,0.0,1.0,0.0,0.0,0.0,0.0,0.0,0.0,0.0
676477,0.0,0.45245398773006135,0.3266871165644172,0.20552147239263804,0.015337423312883436,0.0,0.0,0.0,0.0,0.0,0.0
676508,0.31057268722466963,0.0011013215859030838,0.0,0.0,0.30286343612334804,0.2290748898678414,0.15638766519823788,0.0,0.0,0.0,0.0
676534,0.19246031746031747,0.1388888888888889,0.0,0.0,0.1626984126984127,0.38492063492063494,0.12103174603174603,0.0,0.0,0.0,0.0
676571,0.47368421052631576,0.0,0.0,0.2631578947368421,0.2631578947368421,0.0,0.0,0.0,0.0,0.0,0.0
676604,0.5862068965517241,0.0,0.034482758620689655,0.034482758620689655,0.1724137931034483,0.1724137931034483,0.0,0.0,0.0,0.0,0.0
676609,0.0,0.0,0.0,0.043478260869565216,0.0,0.0,0.0,0.0,0.0,0.0,0.9565217391304348
676617,0.0,0.5026595744680851,0.27925531914893614,0.0026595744680851063,0.2154255319148936,0.0,0.0,0.0,0.0,0.0,0.0
676661,0.5714285714285714,0.0,0.0,0.0,0.0,0.16611295681063123,0.0,0.009966777408637873,0.25249169435215946,0.0,0.0
676664,0.3909240021869874,0.0612356478950246,0.07490431930016403,0.16347731000546747,0.2695462001093494,0.0,0.03991252050300711,0.0,0.0,0.0,0.0
676679,0.0,0.0,0.0,0.0,0.0,0.0,0.0,0.0,0.0,0.0,1.0
676680,0.24074074074074073,0.3333333333333333,0.0,0.0,0.42592592592592593,0.0,0.0,0.0,0.0,0.0,0.0
676684,0.5602836879432624,0.15602836879432624,0.19858156028368795,0.0851063829787234,0.0,0.0,0.0,0.0,0.0,0.0,0.0
676701,0.0,0.0,0.0,0.09090909090909091,0.0,0.0,0.0,0.0,0.0,0.0,0.9090909090909091
676702,0.4603174603174603,0.023809523809523808,0.30952380952380953,0.0,0.0,0.20634920634920634,0.0,0.0,0.0,0.0,0.0
676724,0.0,0.0,0.0,0.0,0.0,0.0,0.0,0.0,0.0,0.0,1.0
676742,0.5806451612903226,0.0,0.25806451612903225,0.06451612903225806,0.0967741935483871,0.0,0.0,0.0,0.0,0.0,0.0
676755,0.7325227963525835,0.0,0.08814589665653495,0.17933130699088146,0.0,0.0,0.0,0.0,0.0,0.0,0.0
676760,0.6774193548387096,0.0,0.0,0.16129032258064516,0.03225806451612903,0.12903225806451613,0.0,0.0,0.0,0.0,0.0
676879,0.015521064301552107,0.4722838137472284,0.10199556541019955,0.1130820399113082,0.0,0.0,0.29711751662971175,0.0,0.0,0.0,0.0
676917,0.3132530120481928,0.1566265060240964,0.0,0.1566265060240964,0.0,0.07228915662650602,0.0,0.0,0.30120481927710846,0.0,0.0
676961,0.1761006289308176,0.2641509433962264,0.12578616352201258,0.1509433962264151,0.0,0.19916142557651992,0.08385744234800839,0.0,0.0,0.0,0.0
676962,0.5586635586635587,0.0,0.0,0.048174048174048176,0.0,0.0,0.0,0.0,0.39316239316239315,0.0,0.0
676969,0.0,0.5714285714285714,0.0,0.0,0.0,0.14285714285714285,0.0,0.09523809523809523,0.19047619047619047,0.0,0.0
676974,0.20987654320987653,0.13804713804713806,0.3546576879910213,0.1840628507295174,0.11335578002244669,0.0,0.0,0.0,0.0,0.0,0.0
676979,0.38413760152890586,0.14763497372193024,0.0,0.0482560917343526,0.14046822742474915,0.27902532250358336,0.0,0.00047778308647873863,0.0,0.0,0.0
677020,0.35064935064935066,0.05194805194805195,0.5974025974025974,0.0,0.0,0.0,0.0,0.0,0.0,0.0,0.0
677161,0.22021660649819494,0.11552346570397112,0.0,0.148014440433213,0.20577617328519857,0.3104693140794224,0.0,0.0,0.0,0.0,0.0
677649,0.0,0.0,0.0,0.0,0.0,0.0,0.0,0.0,0.0,0.0,1.0
677865,0.0,0.5681818181818182,0.0,0.0,0.32954545454545453,0.10227272727272728,0.0,0.0,0.0,0.0,0.0
677944,0.3924050632911392,0.11645569620253164,0.23881856540084387,0.07088607594936709,0.0008438818565400844,0.019409282700421943,0.16118143459915613,0.0,0.0,0.0,0.0
677952,0.2913907284768212,0.11479028697571744,0.3443708609271523,0.026490066225165563,0.0,0.0,0.2229580573951435,0.0,0.0,0.0,0.0
677955,0.11403508771929824,0.3333333333333333,0.30701754385964913,0.24561403508771928,0.0,0.0,0.0,0.0,0.0,0.0,0.0
677958,0.1902834008097166,0.27125506072874495,0.1396761133603239,0.0597165991902834,0.0,0.27125506072874495,0.06781376518218624,0.0,0.0,0.0,0.0
677960,0.47506561679790027,0.028871391076115485,0.03674540682414698,0.29133858267716534,0.1679790026246719,0.0,0.0,0.0,0.0,0.0,0.0
678020,0.5334928229665071,0.0,0.18899521531100477,0.0,0.0,0.0,0.0,0.27751196172248804,0.0,0.0,0.0
678022,0.43174603174603177,0.0,0.0,0.06984126984126984,0.35555555555555557,0.13015873015873017,0.012698412698412698,0.0,0.0,0.0,0.0
678024,0.14049586776859505,0.37913223140495866,0.0,0.1384297520661157,0.16322314049586778,0.060950413223140494,0.11776859504132231,0.0,0.0,0.0,0.0
678215,0.3,0.07692307692307693,0.4307692307692308,0.0,0.0,0.0,0.0,0.19230769230769232,0.0,0.0,0.0
678226,0.435665914221219,0.0,0.5643340857787811,0.0,0.0,0.0,0.0,0.0,0.0,0.0,0.0
678316,0.6197183098591549,0.0,0.014084507042253521,0.2535211267605634,0.0,0.0,0.11267605633802817,0.0,0.0,0.0,0.0
678368,0.29259259259259257,0.0,0.0,0.1419753086419753,0.16049382716049382,0.3506172839506173,0.04197530864197531,0.012345679012345678,0.0,0.0,0.0
678394,0.16772700983227298,0.3516483516483517,0.0,0.14517061885482938,0.21746674378253325,0.11798727588201273,0.0,0.0,0.0,0.0,0.0
678495,0.53099173553719,0.0,0.4690082644628099,0.0,0.0,0.0,0.0,0.0,0.0,0.0,0.0
678606,0.12043795620437957,0.5766423357664233,0.06386861313868614,0.23905109489051096,0.0,0.0,0.0,0.0,0.0,0.0,0.0
678692,0.30201342281879195,0.016778523489932886,0.21476510067114093,0.1593959731543624,0.3070469798657718,0.0,0.0,0.0,0.0,0.0,0.0
678821,0.6985294117647058,0.0,0.0,0.04411764705882353,0.0,0.0,0.25735294117647056,0.0,0.0,0.0,0.0
678906,0.17355371900826447,0.10743801652892562,0.0,0.2066115702479339,0.2644628099173554,0.0,0.24793388429752067,0.0,0.0,0.0,0.0
679358,0.23427331887201736,0.0,0.2472885032537961,0.0,0.0,0.0,0.0,0.5184381778741866,0.0,0.0,0.0
679775,0.0,0.6127167630057804,0.0,0.028901734104046242,0.3583815028901734,0.0,0.0,0.0,0.0,0.0,0.0
679885,0.25153374233128833,0.31901840490797545,0.07975460122699386,0.0,0.0,0.0,0.0,0.3496932515337423,0.0,0.0,0.0
679922,0.36363636363636365,0.4090909090909091,0.22727272727272727,0.0,0.0,0.0,0.0,0.0,0.0,0.0,0.0
680573,0.46491904394757133,0.0,0.28141865844255975,0.058596761757902856,0.0,0.0,0.15188897455666925,0.04317656129529684,0.0,0.0,0.0
680604,0.1111111111111111,0.06666666666666667,0.0,0.3111111111111111,0.1111111111111111,0.4,0.0,0.0,0.0,0.0,0.0
680684,0.3481624758220503,0.1760154738878143,0.06769825918762089,0.23404255319148937,0.17408123791102514,0.0,0.0,0.0,0.0,0.0,0.0
680689,0.20618556701030927,0.28865979381443296,0.002061855670103093,0.41855670103092785,0.0,0.0,0.08453608247422681,0.0,0.0,0.0,0.0
680704,0.15436241610738255,0.12751677852348994,0.4966442953020134,0.0,0.0,0.0,0.0,0.2214765100671141,0.0,0.0,0.0
680729,0.02459016393442623,0.45081967213114754,0.48360655737704916,0.0,0.0,0.0,0.040983606557377046,0.0,0.0,0.0,0.0
680730,0.5414118954974986,0.0,0.11172873818788216,0.0,0.0,0.0,0.22290161200667039,0.12395775430794886,0.0,0.0,0.0
680732,0.41043478260869565,0.05565217391304348,0.24405797101449275,0.06782608695652174,0.0,0.0,0.0,0.0,0.22202898550724637,0.0,0.0
680735,0.375,0.005952380952380952,0.30357142857142855,0.0,0.0,0.05357142857142857,0.15476190476190477,0.10714285714285714,0.0,0.0,0.0
680736,0.2759103641456583,0.20868347338935575,0.20448179271708683,0.049019607843137254,0.0,0.15966386554621848,0.10224089635854341,0.0,0.0,0.0,0.0
680742,0.29941860465116277,0.16569767441860464,0.3226744186046512,0.09593023255813954,0.0,0.0,0.11627906976744186,0.0,0.0,0.0,0.0
680755,0.21693121693121692,0.0,0.3888888888888889,0.0,0.0,0.03439153439153439,0.35978835978835977,0.0,0.0,0.0,0.0
680767,0.5570175438596491,0.0,0.12280701754385964,0.26535087719298245,0.0,0.05482456140350877,0.0,0.0,0.0,0.0,0.0
680862,0.0,0.0,0.0,0.0,0.0,0.0,0.0,0.0,0.0,0.0,1.0
680880,0.48698884758364314,0.0,0.10780669144981413,0.0,0.0,0.0,0.0,0.40148698884758366,0.0,0.0,0.0037174721189591076
680885,0.3563791874554526,0.0947968638631504,0.18674269422665715,0.0,0.0,0.11404133998574484,0.11261582323592302,0.13542409123307197,0.0,0.0,0.0
680951,0.46938775510204084,0.0,0.29591836734693877,0.061224489795918366,0.04081632653061224,0.0,0.12244897959183673,0.0,0.0,0.0,0.01020408163265306
681006,0.1072961373390558,0.17167381974248927,0.012875536480686695,0.0944206008583691,0.3133047210300429,0.0,0.30042918454935624,0.0,0.0,0.0,0.0
681146,0.0,0.0,0.0,0.0,0.0,0.0,0.0,0.0,0.0,0.0,1.0
681168,0.3287671232876712,0.1232876712328767,0.3972602739726027,0.1506849315068493,0.0,0.0,0.0,0.0,0.0,0.0,0.0
681190,0.185137732222934,0.2005124919923126,0.0064061499039077515,0.06726457399103139,0.14029468289557975,0.2684176809737348,0.13196668802049968,0.0,0.0,0.0,0.0
681293,0.3698630136986301,0.0136986301369863,0.0,0.1232876712328767,0.11643835616438356,0.1917808219178082,0.18493150684931506,0.0,0.0,0.0,0.0
681343,0.42231075697211157,0.0849933598937583,0.1553784860557769,0.199867197875166,0.00199203187250996,0.0,0.13545816733067728,0.0,0.0,0.0,0.0
681347,0.40540540540540543,0.017671517671517672,0.20582120582120583,0.24532224532224534,0.0,0.0,0.1257796257796258,0.0,0.0,0.0,0.0
681432,0.5517241379310345,0.0,0.0,0.0,0.4482758620689655,0.0,0.0,0.0,0.0,0.0,0.0
681517,0.31075110456553756,0.06921944035346098,0.20471281296023564,0.11634756995581738,0.14138438880706922,0.0,0.15758468335787923,0.0,0.0,0.0,0.0
681676,0.4528301886792453,0.0,0.4528301886792453,0.009433962264150943,0.0,0.08490566037735849,0.0,0.0,0.0,0.0,0.0
681751,0.46788990825688076,0.0,0.3669724770642202,0.0,0.0,0.0,0.10091743119266056,0.06422018348623854,0.0,0.0,0.0
681799,0.0,0.05263157894736842,0.0,0.0,0.5473684210526316,0.4,0.0,0.0,0.0,0.0,0.0
681810,0.13008130081300814,0.35772357723577236,0.0,0.04878048780487805,0.2845528455284553,0.17073170731707318,0.008130081300813009,0.0,0.0,0.0,0.0
681857,0.19383697813121273,0.268389662027833,0.20278330019880716,0.27137176938369784,0.004970178926441352,0.0,0.05864811133200795,0.0,0.0,0.0,0.0
681867,0.0,0.2669491525423729,0.0,0.3135593220338983,0.11440677966101695,0.3050847457627119,0.0,0.0,0.0,0.0,0.0
681869,0.3568075117370892,0.07511737089201878,0.0,0.1596244131455399,0.22065727699530516,0.0,0.18779342723004694,0.0,0.0,0.0,0.0
681870,0.6797385620915033,0.0,0.11764705882352941,0.0,0.0,0.0,0.20261437908496732,0.0,0.0,0.0,0.0
681882,0.15625,0.3984375,0.2109375,0.0,0.0,0.0,0.0,0.0,0.234375,0.0,0.0
681892,0.0,0.2895622895622896,0.20202020202020202,0.11784511784511785,0.11784511784511785,0.2727272727272727,0.0,0.0,0.0,0.0,0.0
681895,0.22105263157894736,0.3473684210526316,0.031578947368421054,0.0,0.29473684210526313,0.08421052631578947,0.021052631578947368,0.0,0.0,0.0,0.0
681911,0.569327731092437,0.0,0.3550420168067227,0.07563025210084033,0.0,0.0,0.0,0.0,0.0,0.0,0.0
681916,0.5,0.06153846153846154,0.0,0.0,0.3384615384615385,0.0,0.0,0.1,0.0,0.0,0.0
681962,0.0,0.0,0.0,0.0,0.0,0.0,0.0,0.0,0.0,0.0,1.0
681982,0.37138263665594856,0.2170418006430868,0.0,0.04019292604501608,0.37138263665594856,0.0,0.0,0.0,0.0,0.0,0.0
681987,0.0,0.0,0.0,0.0,0.0,0.0,0.0,0.0,0.0,0.0,1.0
682052,0.34822104466313397,0.05677517032551098,0.30582891748675245,0.1445874337623013,0.0,0.1445874337623013,0.0,0.0,0.0,0.0,0.0
682120,0.258160237388724,0.1572700296735905,0.17507418397626112,0.0,0.0,0.0,0.4094955489614243,0.0,0.0,0.0,0.0
682144,0.34615384615384615,0.11538461538461539,0.46153846153846156,0.0,0.0,0.0,0.0,0.07692307692307693,0.0,0.0,0.0
682171,0.3357142857142857,0.15714285714285714,0.0,0.014285714285714285,0.4928571428571429,0.0,0.0,0.0,0.0,0.0,0.0
682243,0.41440217391304346,0.15081521739130435,0.08152173913043478,0.0,0.059782608695652176,0.014945652173913044,0.0,0.15489130434782608,0.12364130434782608,0.0,0.0
682254,0.6112469437652812,0.0,0.38875305623471884,0.0,0.0,0.0,0.0,0.0,0.0,0.0,0.0
682274,0.4714285714285714,0.014285714285714285,0.3142857142857143,0.0,0.0,0.0,0.0,0.2,0.0,0.0,0.0
682515,0.0,0.0,1.0,0.0,0.0,0.0,0.0,0.0,0.0,0.0,0.0
682610,0.17647058823529413,0.19327731092436976,0.35294117647058826,0.01680672268907563,0.0,0.2605042016806723,0.0,0.0,0.0,0.0,0.0
682790,0.4588235294117647,0.0,0.023529411764705882,0.21176470588235294,0.0,0.0,0.0,0.0,0.0,0.3058823529411765,0.0
682825,0.029787234042553193,0.723404255319149,0.24680851063829787,0.0,0.0,0.0,0.0,0.0,0.0,0.0,0.0
682842,0.028021015761821366,0.51138353765324,0.46059544658493873,0.0,0.0,0.0,0.0,0.0,0.0,0.0,0.0
682847,0.27844311377245506,0.20359281437125748,0.27020958083832336,0.1339820359281437,0.0,0.11377245508982035,0.0,0.0,0.0,0.0,0.0
682989,0.0,0.5507246376811594,0.0,0.07246376811594203,0.14492753623188406,0.2318840579710145,0.0,0.0,0.0,0.0,0.0
682990,0.0,0.42908653846153844,0.27944711538461536,0.019831730769230768,0.0,0.18028846153846154,0.09134615384615384,0.0,0.0,0.0,0.0
683004,0.34615384615384615,0.13846153846153847,0.26282051282051283,0.15512820512820513,0.0,0.0,0.0967948717948718,0.0,0.0,0.0,0.000641025641025641
683021,0.0,0.0,0.0,0.0,0.0,0.0,0.0,0.0,0.0,0.0,1.0
683155,0.5357142857142857,0.0,0.2857142857142857,0.05357142857142857,0.125,0.0,0.0,0.0,0.0,0.0,0.0
683175,0.4827586206896552,0.0,0.0,0.0,0.41379310344827586,0.0,0.10344827586206896,0.0,0.0,0.0,0.0
683232,0.5487804878048781,0.0,0.4195121951219512,0.0,0.0,0.0,0.03170731707317073,0.0,0.0,0.0,0.0
683409,0.45183887915936954,0.0,0.14185639229422067,0.4063047285464098,0.0,0.0,0.0,0.0,0.0,0.0,0.0
683618,0.5454545454545454,0.2727272727272727,0.09090909090909091,0.0,0.0,0.09090909090909091,0.0,0.0,0.0,0.0,0.0
683627,0.37305699481865284,0.10880829015544041,0.09844559585492228,0.22797927461139897,0.0,0.07253886010362694,0.11917098445595854,0.0,0.0,0.0,0.0
683766,0.0,0.0,0.0,0.0,0.0,0.0,0.0,0.0,0.0,0.0,1.0
683769,0.3049040511727079,0.0,0.535181236673774,0.15991471215351813,0.0,0.0,0.0,0.0,0.0,0.0,0.0
684007,0.4870242214532872,0.006055363321799308,0.0025951557093425604,0.0,0.13321799307958476,0.0,0.025951557093425604,0.34515570934256057,0.0,0.0,0.0
684320,0.36347517730496454,0.0673758865248227,0.4166666666666667,0.0,0.0,0.0,0.0,0.1524822695035461,0.0,0.0,0.0
684974,0.37404580152671757,0.0,0.0,0.45038167938931295,0.08396946564885496,0.0916030534351145,0.0,0.0,0.0,0.0,0.0
685107,0.2952029520295203,0.11439114391143912,0.2656826568265683,0.07380073800738007,0.25092250922509224,0.0,0.0,0.0,0.0,0.0,0.0
685126,0.28421052631578947,0.03508771929824561,0.34912280701754383,0.33157894736842103,0.0,0.0,0.0,0.0,0.0,0.0,0.0
685299,0.5033557046979866,0.0,0.2751677852348993,0.21029082774049218,0.0,0.0,0.011185682326621925,0.0,0.0,0.0,0.0
685314,0.08196721311475409,0.3770491803278688,0.0,0.0,0.0,0.0,0.5409836065573771,0.0,0.0,0.0,0.0
685801,0.4492753623188406,0.028985507246376812,0.45652173913043476,0.0,0.0,0.0,0.057971014492753624,0.007246376811594203,0.0,0.0,0.0
686218,0.4692982456140351,0.0,0.26973684210526316,0.19078947368421054,0.0,0.0,0.06798245614035088,0.0,0.0,0.0,0.0021929824561403508
686228,0.0,0.19480519480519481,0.0,0.03896103896103896,0.42857142857142855,0.33766233766233766,0.0,0.0,0.0,0.0,0.0
686249,0.42105263157894735,0.0,0.0,0.3157894736842105,0.0,0.2631578947368421,0.0,0.0,0.0,0.0,0.0
686563,0.17096336499321574,0.22116689280868385,0.0,0.2130257801899593,0.15128900949796473,0.2435549525101764,0.0,0.0,0.0,0.0,0.0
686580,0.35,0.0,0.0,0.0,0.085,0.31,0.255,0.0,0.0,0.0,0.0
686613,0.3833950290851401,0.21998942358540455,0.08566895822316235,0.12321523003701745,0.0,0.01850872554204125,0.0,0.0,0.16922263352723427,0.0,0.0
686642,0.47368421052631576,0.10526315789473684,0.27631578947368424,0.14473684210526316,0.0,0.0,0.0,0.0,0.0,0.0,0.0
686654,0.44776119402985076,0.014925373134328358,0.31343283582089554,0.0,0.0,0.19402985074626866,0.0,0.029850746268656716,0.0,0.0,0.0
686701,0.425,0.0796875,0.278125,0.0703125,0.146875,0.0,0.0,0.0,0.0,0.0,0.0
686730,0.13043478260869565,0.21304347826086956,0.0,0.23043478260869565,0.22608695652173913,0.2,0.0,0.0,0.0,0.0,0.0
686747,0.3018867924528302,0.37735849056603776,0.0,0.18867924528301888,0.1320754716981132,0.0,0.0,0.0,0.0,0.0,0.0
686751,0.4878048780487805,0.0,0.3780487804878049,0.0,0.0,0.0,0.07317073170731707,0.06097560975609756,0.0,0.0,0.0
686752,0.42442748091603055,0.03104325699745547,0.1801526717557252,0.2544529262086514,0.0,0.07837150127226464,0.03104325699745547,0.0,0.0,0.0,0.0005089058524173028
686753,0.18421052631578946,0.2894736842105263,0.2894736842105263,0.23684210526315788,0.0,0.0,0.0,0.0,0.0,0.0,0.0
686799,0.17232375979112272,0.47323759791122716,0.1514360313315927,0.14556135770234988,0.05678851174934726,0.0,0.0,0.0,0.0,0.0,0.0006527415143603133
686826,0.4397590361445783,0.0783132530120482,0.1686746987951807,0.24096385542168675,0.0,0.030120481927710843,0.04216867469879518,0.0,0.0,0.0,0.0
686973,0.4504310344827586,0.04525862068965517,0.05172413793103448,0.03879310344827586,0.0,0.0,0.0,0.0,0.41379310344827586,0.0,0.0
686993,0.5237154150197628,0.0,0.0,0.0,0.13636363636363635,0.33794466403162055,0.0,0.0,0.0,0.0,0.001976284584980237
687064,0.42391304347826086,0.0,0.04192546583850932,0.052795031055900624,0.0,0.11180124223602485,0.17857142857142858,0.18944099378881987,0.0,0.0,0.0015527950310559005
687074,0.39215686274509803,0.0,0.2549019607843137,0.0,0.0,0.29411764705882354,0.0,0.058823529411764705,0.0,0.0,0.0
687134,0.43493761140819964,0.0,0.1497326203208556,0.0,0.0,0.11229946524064172,0.1408199643493761,0.1622103386809269,0.0,0.0,0.0
687223,0.509090909090909,0.0,0.0,0.03787878787878788,0.32575757575757575,0.12727272727272726,0.0,0.0,0.0,0.0,0.0
687287,0.14634146341463414,0.12195121951219512,0.036585365853658534,0.10975609756097561,0.0,0.45121951219512196,0.13414634146341464,0.0,0.0,0.0,0.0
687330,0.06569343065693431,0.6277372262773723,0.0,0.0,0.1897810218978102,0.11678832116788321,0.0,0.0,0.0,0.0,0.0
687362,0.2659279778393352,0.0,0.0,0.1634349030470914,0.296398891966759,0.26038781163434904,0.013850415512465374,0.0,0.0,0.0,0.0
687377,0.2413793103448276,0.2413793103448276,0.25,0.2672413793103448,0.0,0.0,0.0,0.0,0.0,0.0,0.0
687396,0.6451612903225806,0.0,0.2626728110599078,0.0,0.0,0.0,0.0,0.09216589861751152,0.0,0.0,0.0
687424,0.48484848484848486,0.0,0.5151515151515151,0.0,0.0,0.0,0.0,0.0,0.0,0.0,0.0
687473,0.4476047904191617,0.10104790419161677,0.0,0.09281437125748503,0.10479041916167664,0.10104790419161677,0.15269461077844312,0.0,0.0,0.0,0.0
687606,0.36363636363636365,0.0,0.16310160427807488,0.18449197860962566,0.0,0.2887700534759358,0.0,0.0,0.0,0.0,0.0
687765,0.0,0.08770161290322581,0.29838709677419356,0.016129032258064516,0.0,0.42943548387096775,0.16733870967741934,0.0,0.0,0.0,0.0010080645161290322
687830,0.28716216216216217,0.17567567567567569,0.21283783783783783,0.19932432432432431,0.0,0.125,0.0,0.0,0.0,0.0,0.0
687847,0.5454545454545454,0.0,0.4318181818181818,0.022727272727272728,0.0,0.0,0.0,0.0,0.0,0.0,0.0
687849,0.24390243902439024,0.11382113821138211,0.3902439024390244,0.0,0.0,0.0,0.25203252032520324,0.0,0.0,0.0,0.0
687863,0.5229007633587787,0.0,0.015267175572519083,0.0,0.4580152671755725,0.0,0.0,0.003816793893129771,0.0,0.0,0.0
687888,0.19375812743823148,0.11963589076723016,0.0,0.18985695708712613,0.23276983094928477,0.26397919375812745,0.0,0.0,0.0,0.0,0.0
687911,0.6193293885601578,0.03155818540433925,0.0,0.02564102564102564,0.3214990138067061,0.0,0.0019723865877712033,0.0,0.0,0.0,0.0
687922,0.49754901960784315,0.0,0.125,0.21568627450980393,0.0857843137254902,0.07598039215686274,0.0,0.0,0.0,0.0,0.0
687931,0.5066666666666667,0.0,0.12,0.36,0.0,0.0,0.013333333333333334,0.0,0.0,0.0,0.0
688138,0.11090225563909774,0.1550751879699248,0.0,0.1212406015037594,0.24530075187969924,0.26879699248120303,0.09868421052631579,0.0,0.0,0.0,0.0
688158,0.40974212034383956,0.17478510028653296,0.19197707736389685,0.0,0.0,0.0,0.22349570200573066,0.0,0.0,0.0,0.0
688297,0.32934131736526945,0.48502994011976047,0.0,0.0,0.0,0.18562874251497005,0.0,0.0,0.0,0.0,0.0
688642,0.287292817679558,0.0,0.0,0.0,0.1685082872928177,0.3314917127071823,0.0,0.212707182320442,0.0,0.0,0.0
689017,0.46296296296296297,0.0,0.12962962962962962,0.2762345679012346,0.0,0.0,0.0,0.0,0.13117283950617284,0.0,0.0
689147,0.3185483870967742,0.18346774193548387,0.0,0.0,0.49798387096774194,0.0,0.0,0.0,0.0,0.0,0.0
689225,0.48161764705882354,0.15441176470588236,0.11029411764705882,0.2536764705882353,0.0,0.0,0.0,0.0,0.0,0.0,0.0
689254,0.0,0.0,0.0,0.0,0.3615702479338843,0.6384297520661157,0.0,0.0,0.0,0.0,0.0
689266,0.0,0.3691588785046729,0.09345794392523364,0.018691588785046728,0.0,0.5186915887850467,0.0,0.0,0.0,0.0,0.0
689690,0.4186046511627907,0.15946843853820597,0.0,0.33554817275747506,0.08637873754152824,0.0,0.0,0.0,0.0,0.0,0.0
689958,0.631578947368421,0.0,0.3684210526315789,0.0,0.0,0.0,0.0,0.0,0.0,0.0,0.0
690382,0.04878048780487805,0.42276422764227645,0.0,0.0,0.2032520325203252,0.3252032520325203,0.0,0.0,0.0,0.0,0.0
690544,0.3076923076923077,0.1794871794871795,0.0,0.0,0.41025641025641024,0.10256410256410256,0.0,0.0,0.0,0.0,0.0
690829,0.37037037037037035,0.5555555555555556,0.07407407407407407,0.0,0.0,0.0,0.0,0.0,0.0,0.0,0.0
690916,0.3992740471869328,0.08711433756805807,0.2867513611615245,0.018148820326678767,0.08348457350272233,0.0,0.12522686025408347,0.0,0.0,0.0,0.0
690925,0.6886792452830188,0.0,0.3113207547169811,0.0,0.0,0.0,0.0,0.0,0.0,0.0,0.0
690928,0.3995381062355658,0.013856812933025405,0.2690531177829099,0.0,0.10392609699769054,0.0,0.1235565819861432,0.09006928406466513,0.0,0.0,0.0
690953,0.4268867924528302,0.15330188679245282,0.14150943396226415,0.04716981132075472,0.0,0.0,0.23113207547169812,0.0,0.0,0.0,0.0
690986,0.6408045977011494,0.0,0.0,0.10919540229885058,0.0,0.0,0.0,0.0,0.0,0.25,0.0
690990,0.4801038062283737,0.04930795847750865,0.0017301038062283738,0.13581314878892733,0.22491349480968859,0.0,0.10813148788927336,0.0,0.0,0.0,0.0
691094,0.42857142857142855,0.09523809523809523,0.047619047619047616,0.14285714285714285,0.0,0.19047619047619047,0.09523809523809523,0.0,0.0,0.0,0.0
691172,0.22077922077922077,0.2857142857142857,0.44155844155844154,0.05194805194805195,0.0,0.0,0.0,0.0,0.0,0.0,0.0
691251,0.4380952380952381,0.17142857142857143,0.3238095238095238,0.0,0.0,0.0,0.0,0.06666666666666667,0.0,0.0,0.0
691441,0.25882352941176473,0.11764705882352941,0.0,0.16470588235294117,0.12941176470588237,0.0,0.32941176470588235,0.0,0.0,0.0,0.0
691587,0.5279361459521095,0.018244013683010263,0.20296465222348917,0.06271379703534778,0.05815279361459521,0.012542759407069556,0.11744583808437856,0.0,0.0,0.0,0.0
691594,0.0,0.0,0.0,0.0,0.0,0.0,0.0,0.0,0.0,0.0,1.0
691799,0.5291828793774319,0.0,0.042801556420233464,0.0,0.0,0.23735408560311283,0.19066147859922178,0.0,0.0,0.0,0.0
691951,0.5048543689320388,0.0,0.1650485436893204,0.1941747572815534,0.0,0.0,0.13592233009708737,0.0,0.0,0.0,0.0
692024,0.4057971014492754,0.0,0.30434782608695654,0.0,0.0,0.0,0.0,0.2898550724637681,0.0,0.0,0.0
692230,0.2028985507246377,0.10144927536231885,0.0,0.2463768115942029,0.18840579710144928,0.21739130434782608,0.043478260869565216,0.0,0.0,0.0,0.0
692285,0.36607142857142855,0.0,0.4375,0.049107142857142856,0.14285714285714285,0.0,0.0,0.0,0.0,0.0,0.004464285714285714
693312,0.5172413793103449,0.0038314176245210726,0.2835249042145594,0.0,0.0,0.0,0.19540229885057472,0.0,0.0,0.0,0.0
693313,0.24848484848484848,0.43636363636363634,0.22424242424242424,0.0,0.0,0.030303030303030304,0.06060606060606061,0.0,0.0,0.0,0.0
693433,0.45121951219512196,0.25332594235033257,0.11585365853658537,0.08481152993348115,0.09478935698447893,0.0,0.0,0.0,0.0,0.0,0.0
693645,0.5510835913312694,0.021671826625386997,0.0,0.0,0.07739938080495357,0.2260061919504644,0.1238390092879257,0.0,0.0,0.0,0.0
693821,0.0959731543624161,0.41140939597315435,0.38859060402684564,0.1040268456375839,0.0,0.0,0.0,0.0,0.0,0.0,0.0
693855,0.34759358288770054,0.0053475935828877,0.026737967914438502,0.33689839572192515,0.09090909090909091,0.18181818181818182,0.0106951871657754,0.0,0.0,0.0,0.0
694037,0.7214611872146118,0.0,0.23972602739726026,0.0,0.0,0.0,0.00228310502283105,0.0365296803652968,0.0,0.0,0.0
694297,0.2636708175419599,0.22360584731997835,0.0,0.14997292907417434,0.21061180292366,0.06821873308067136,0.08391987005955603,0.0,0.0,0.0,0.0
694335,0.027649769585253458,0.511520737327189,0.0,0.0,0.2926267281105991,0.16820276497695852,0.0,0.0,0.0,0.0,0.0
694350,0.5045317220543807,0.0,0.0,0.24471299093655588,0.0,0.0,0.25075528700906347,0.0,0.0,0.0,0.0
694361,0.5555555555555556,0.0,0.0,0.0,0.026455026455026454,0.19576719576719576,0.2222222222222222,0.0,0.0,0.0,0.0
694363,0.3090909090909091,0.03636363636363636,0.2590909090909091,0.38636363636363635,0.00909090909090909,0.0,0.0,0.0,0.0,0.0,0.0
694462,0.0,0.2826086956521739,0.043478260869565216,0.0,0.0,0.21739130434782608,0.21739130434782608,0.2391304347826087,0.0,0.0,0.0
694477,0.2173324306025728,0.22342586323628977,0.06973595125253892,0.06770480704129993,0.0,0.42044685172647256,0.0,0.0,0.0,0.0013540961408259986,0.0
694646,0.5615384615384615,0.0,0.3384615384615385,0.0,0.03076923076923077,0.0,0.015384615384615385,0.05384615384615385,0.0,0.0,0.0
694738,0.004320987654320987,0.37839506172839504,0.0,0.1697530864197531,0.0,0.07222222222222222,0.37530864197530867,0.0,0.0,0.0,0.0
694819,0.5321637426900585,0.0,0.2826510721247563,0.07602339181286549,0.0,0.0,0.10916179337231968,0.0,0.0,0.0,0.0
694851,0.3877551020408163,0.0,0.16326530612244897,0.3979591836734694,0.0,0.0,0.05102040816326531,0.0,0.0,0.0,0.0
694918,0.38408304498269896,0.20069204152249134,0.1695501730103806,0.02768166089965398,0.21453287197231835,0.0,0.0034602076124567475,0.0,0.0,0.0,0.0
694973,0.37379110251450676,0.09912959381044488,0.06479690522243714,0.09284332688588008,0.16779497098646035,0.0,0.048355899419729204,0.1532882011605416,0.0,0.0,0.0
695243,0.5407239819004525,0.0,0.43891402714932126,0.020361990950226245,0.0,0.0,0.0,0.0,0.0,0.0,0.0
695418,0.5481132075471699,0.13867924528301886,0.19622641509433963,0.11415094339622642,0.002830188679245283,0.0,0.0,0.0,0.0,0.0,0.0
695445,0.22045454545454546,0.33636363636363636,0.0,0.07272727272727272,0.3704545454545455,0.0,0.0,0.0,0.0,0.0,0.0
695505,0.5805084745762712,0.0,0.326271186440678,0.06567796610169492,0.0,0.0,0.025423728813559324,0.0,0.0,0.0,0.00211864406779661
695534,0.2077922077922078,0.22077922077922077,0.3246753246753247,0.12337662337662338,0.12337662337662338,0.0,0.0,0.0,0.0,0.0,0.0
695549,0.2908366533864542,0.1394422310756972,0.31208499335989376,0.17397078353253653,0.00398406374501992,0.0,0.0796812749003984,0.0,0.0,0.0,0.0
696131,0.391304347826087,0.18840579710144928,0.0,0.028985507246376812,0.3188405797101449,0.07246376811594203,0.0,0.0,0.0,0.0,0.0
696136,0.392,0.08,0.128,0.224,0.168,0.0,0.008,0.0,0.0,0.0,0.0
696147,0.006756756756756757,0.39864864864864863,0.5202702702702703,0.07432432432432433,0.0,0.0,0.0,0.0,0.0,0.0,0.0
696270,0.0,0.20625,0.04375,0.0,0.2625,0.43125,0.0,0.05625,0.0,0.0,0.0
697812,0.25301204819277107,0.3855421686746988,0.3132530120481928,0.04819277108433735,0.0,0.0,0.0,0.0,0.0,0.0,0.0
699134,0.45,0.2,0.0,0.35,0.0,0.0,0.0,0.0,0.0,0.0,0.0
699911,0.425531914893617,0.0,0.2765957446808511,0.0,0.0,0.0,0.0,0.2978723404255319,0.0,0.0,0.0
700187,0.46875,0.16666666666666666,0.0,0.010416666666666666,0.3541666666666667,0.0,0.0,0.0,0.0,0.0,0.0
700241,0.25718608169440244,0.22692889561270801,0.0045385779122541605,0.08169440242057488,0.22087745839636913,0.11649016641452345,0.09228441754916793,0.0,0.0,0.0,0.0
700249,0.3496309963099631,0.12730627306273062,0.02952029520295203,0.13560885608856088,0.13837638376383765,0.0,0.21955719557195572,0.0,0.0,0.0,0.0
700270,0.5454545454545454,0.0,0.36363636363636365,0.0,0.0,0.0,0.0,0.0,0.09090909090909091,0.0,0.0
700363,0.4713804713804714,0.0,0.03198653198653199,0.0,0.0,0.0,0.1447811447811448,0.35185185185185186,0.0,0.0,0.0
700669,0.455026455026455,0.007936507936507936,0.25925925925925924,0.04497354497354497,0.0,0.0,0.2328042328042328,0.0,0.0,0.0,0.0
701121,0.528,0.08,0.0,0.12,0.232,0.04,0.0,0.0,0.0,0.0,0.0
701487,0.4117647058823529,0.0,0.0,0.4,0.0,0.11764705882352941,0.07058823529411765,0.0,0.0,0.0,0.0
701519,0.30656934306569344,0.15328467153284672,0.21897810218978103,0.11313868613138686,0.0,0.14963503649635038,0.058394160583941604,0.0,0.0,0.0,0.0
701542,0.39636363636363636,0.20727272727272728,0.0,0.11012987012987013,0.21818181818181817,0.0,0.06805194805194806,0.0,0.0,0.0,0.0
701552,0.2832369942196532,0.023121387283236993,0.653179190751445,0.04046242774566474,0.0,0.0,0.0,0.0,0.0,0.0,0.0
701581,0.3010882708585248,0.12817412333736397,0.26844014510278114,0.3022974607013301,0.0,0.0,0.0,0.0,0.0,0.0,0.0
701656,0.4805194805194805,0.0,0.03636363636363636,0.4,0.0,0.08311688311688312,0.0,0.0,0.0,0.0,0.0
702070,0.25516693163751986,0.0,0.1685214626391097,0.1915739268680445,0.0,0.19554848966613672,0.1891891891891892,0.0,0.0,0.0,0.0
702352,0.03498542274052478,0.358600583090379,0.0,0.15597667638483964,0.06705539358600583,0.30029154518950435,0.0,0.0,0.0,0.08309037900874636,0.0
702674,0.5229357798165137,0.0,0.1559633027522936,0.26605504587155965,0.0,0.0,0.05504587155963303,0.0,0.0,0.0,0.0
702752,0.25,0.0,0.0,0.041666666666666664,0.0,0.7083333333333334,0.0,0.0,0.0,0.0,0.0
702795,0.4502923976608187,0.05263157894736842,0.23391812865497075,0.1695906432748538,0.0935672514619883,0.0,0.0,0.0,0.0,0.0,0.0
800049,0.18478260869565216,0.16304347826086957,0.2826086956521739,0.10869565217391304,0.09782608695652174,0.0,0.16304347826086957,0.0,0.0,0.0,0.0
800311,0.5714285714285714,0.0,0.0,0.0,0.27472527472527475,0.0,0.12087912087912088,0.03296703296703297,0.0,0.0,0.0
801216,0.34146341463414637,0.2682926829268293,0.2926829268292683,0.0975609756097561,0.0,0.0,0.0,0.0,0.0,0.0,0.0
801403,0.4763135228251507,0.09043927648578812,0.12575366063738158,0.08699397071490095,0.0,0.0,0.22049956933677864,0.0,0.0,0.0,0.0
801434,0.5822784810126582,0.0,0.3037974683544304,0.0,0.0,0.11392405063291139,0.0,0.0,0.0,0.0,0.0
802419,0.40540540540540543,0.05405405405405406,0.0,0.0,0.1945945945945946,0.10270270270270271,0.0,0.24324324324324326,0.0,0.0,0.0
805123,0.4722222222222222,0.0,0.0,0.19444444444444445,0.2361111111111111,0.034722222222222224,0.0625,0.0,0.0,0.0,0.0
805299,0.0,0.5245901639344263,0.21311475409836064,0.0,0.26229508196721313,0.0,0.0,0.0,0.0,0.0,0.0
805673,0.43094841930116473,0.02329450915141431,0.2795341098169717,0.09983361064891846,0.0,0.10981697171381032,0.056572379367720464,0.0,0.0,0.0,0.0
806185,0.4297520661157025,0.0,0.24242424242424243,0.17447199265381083,0.0,0.0,0.13590449954086317,0.0,0.0,0.017447199265381085,0.0
806188,0.09706546275395034,0.2144469525959368,0.08803611738148984,0.20316027088036118,0.10609480812641084,0.0,0.291196388261851,0.0,0.0,0.0,0.0
806960,0.5625,0.0,0.28125,0.0625,0.09375,0.0,0.0,0.0,0.0,0.0,0.0
808963,0.45879732739420936,0.0,0.0,0.0,0.18262806236080179,0.0,0.0,0.0,0.0,0.0,0.3585746102449889
808967,0.3637941006362059,0.07171775592828225,0.03007518796992481,0.0,0.000578368999421631,0.10989010989010989,0.17582417582417584,0.24812030075187969,0.0,0.0,0.0
820862,0.5955882352941176,0.011029411764705883,0.3897058823529412,0.003676470588235294,0.0,0.0,0.0,0.0,0.0,0.0,0.0
829272,0.39906103286384975,0.009389671361502348,0.18309859154929578,0.22535211267605634,0.014084507042253521,0.0,0.0,0.0,0.16901408450704225,0.0,0.0
